datetime,action,price,size,signal_strength,portfolio_value,entry_price,pnl,pnl_pct,reason,bars_held
2023-01-01,BUY,16543.67,3.131106943018085,0.5199999999999999,100000.0,,,,,
2023-01-02,SELL,16620.6,3.131106943018085,,99946.14126587388,16543.67,240.8760571263822,0.4650116932941817,"TIME_STOP_MIN_PROFIT (持倉1bars, 盈利不足: +0.47%)",1.0
2023-01-02,BUY,16620.6,1.4930223564811866,0.5199999999999999,99946.14126587388,,,,,
2023-01-03,SELL,16665.79,1.4930223564811866,,99993.91043229893,16620.6,67.46968028938831,0.2718915081284745,"TIME_STOP_MIN_PROFIT (持倉1bars, 盈利不足: +0.27%)",1.0
2023-01-03,BUY,16665.79,2.33458863502234,0.5199999999999999,99993.91043229893,,,,,
2023-01-04,SELL,16675.82,2.33458863502234,,99937.81725046711,16665.79,23.415924009271354,0.06018316563449755,"TIME_STOP_MIN_PROFIT (持倉1bars, 盈利不足: +0.06%)",1.0
2023-01-04,BUY,16675.82,1.895045531348541,0.5199999999999999,99937.81725046711,,,,,
2023-01-06,SELL,16830.47,1.895045531348541,,100215.5964844519,16675.82,293.0687914230546,0.9273906770401741,"TIME_STOP_MAX (持倉2bars, 盈虧: +0.93%)",2.0
2023-01-06,BUY,16830.47,2.1027531834581157,0.5199999999999999,100215.5964844519,,,,,
2023-01-08,SELL,16947.53,2.1027531834581157,,100356.91796092497,16830.47,246.14828765560213,0.6955242485800817,"TIME_STOP_MAX (持倉2bars, 盈虧: +0.70%)",2.0
2023-01-08,BUY,16947.53,1.97817562006184,0.5199999999999999,100356.91796092497,,,,,
2023-01-10,SELL,17182.31,1.97817562006184,,100748.01127326854,16947.53,464.4360720781237,1.3853346180830117,"TIME_STOP_MAX (持倉2bars, 盈虧: +1.39%)",2.0
2023-01-10,BUY,17182.31,2.0125840582023318,0.5199999999999999,100748.01127326854,,,,,
2023-01-12,SELL,17943.36,2.0125840582023318,,102190.72011124642,17182.31,1531.6770974948831,4.42926474961749,"TIME_STOP_MAX (持倉2bars, 盈虧: +4.43%)",2.0
2023-01-12,BUY,17943.36,1.907586288698126,0.5199999999999999,102190.72011124642,,,,,
2023-01-13,SELL,18859.87,1.907586288698126,,103935.23096652524,17943.36,1748.3219094547164,5.107794749701267,TAKE_PROFIT,1.0
2023-01-13,BUY,18859.87,2.8394268051551856,0.82,103935.23096652524,,,,,
2023-01-14,SELL,19902.73,2.8394268051551856,,105775.41078759138,18859.87,2961.1246380241387,5.52951849615082,TAKE_PROFIT,1.0
2023-01-14,BUY,19902.73,1.9504508072561997,0.82,105775.41078759138,,,,,
2023-01-15,SELL,20967.61,1.9504508072561997,,108650.86011987031,19902.73,2076.996055630984,5.350421776309089,TAKE_PROFIT,1.0
2023-01-15,BUY,20967.61,1.6738610820886612,0.5199999999999999,108650.86011987031,,,,,
2023-01-16,SELL,20864.83,1.6738610820886612,,108355.08901516054,20967.61,-172.03944201707066,-0.4901846228540063,"TIME_STOP_MIN_PROFIT (持倉1bars, 盈利不足: -0.49%)",1.0
2023-01-16,BUY,20864.83,1.8230139313174387,0.5199999999999999,108355.08901516054,,,,,
2023-01-18,SELL,21147.47,1.8230139313174387,,108724.90200249988,20864.83,515.2566575475598,1.3546240252137132,"TIME_STOP_MAX (持倉2bars, 盈虧: +1.35%)",2.0
2023-01-18,BUY,21147.47,1.7188578417483518,0.5199999999999999,108724.90200249988,,,,,
2023-01-19,SELL,20716.97,1.7188578417483518,,107826.12599537484,21147.47,-739.9683008726654,-2.0357045074422597,"TIME_STOP_MIN_PROFIT (持倉1bars, 盈利不足: -2.04%)",1.0
2023-01-19,BUY,20716.97,1.805679045756677,0.5199999999999999,107826.12599537484,,,,,
2023-01-21,SELL,22685.44,1.805679045756677,,111098.44457465608,20716.97,3554.4250312006416,9.501727327886256,TAKE_PROFIT,1.0
2023-01-23,BUY,22697.89,2.534918734558171,0.5199999999999999,111075.88145934475,,,,,
2023-01-25,SELL,22609.44,2.534918734558171,,110954.26929073644,22697.89,-224.21356207167207,-0.38968379880244264,"TIME_STOP_MIN_PROFIT (持倉1bars, 盈利不足: -0.39%)",1.0
2023-02-05,BUY,23316.76,2.4889051288801993,0.5199999999999999,112033.21149202448,,,,,
2023-02-06,SELL,22932.0,2.4889051288801993,,111961.9598875555,23316.76,-957.6311373879415,-1.6501435019273591,"TIME_STOP_MIN_PROFIT (持倉1bars, 盈利不足: -1.65%)",1.0
2023-02-06,BUY,22932.0,1.2398024032153638,0.5199999999999999,111961.9598875555,,,,,
2023-02-07,SELL,22749.29,1.2398024032153638,,111408.19394062142,22932.0,-226.52429709147805,-0.7967469038897557,"TIME_STOP_MIN_PROFIT (持倉1bars, 盈利不足: -0.80%)",1.0
2023-02-07,BUY,22749.29,1.8945404017038898,0.5199999999999999,111408.19394062142,,,,,
2023-02-09,SELL,22970.82,1.8945404017038898,,111406.11900318015,22749.29,419.6975351894605,0.9737886325243528,"TIME_STOP_MAX (持倉2bars, 盈虧: +0.97%)",2.0
2023-02-09,BUY,22970.82,1.5308748982669587,0.5199999999999999,111406.11900318015,,,,,
2023-02-10,SELL,21803.87,1.5308748982669587,,109082.88382684253,22970.82,-1786.4544625326284,-5.080140804725297,"TIME_STOP_MIN_PROFIT (持倉1bars, 盈利不足: -5.08%)",1.0
2023-02-10,BUY,21803.87,1.7985161917329844,0.5199999999999999,109082.88382684253,,,,,
2023-02-11,SELL,21628.79,1.7985161917329844,,108725.0214124512,21803.87,-314.8842148486075,-0.8029767192704651,"TIME_STOP_MIN_PROFIT (持倉1bars, 盈利不足: -0.80%)",1.0
2023-02-11,BUY,21628.79,1.6722850172361383,0.5199999999999999,108725.0214124512,,,,,
2023-02-13,SELL,21779.91,1.6722850172361383,,108897.13623455178,21628.79,252.71571180472353,0.6986983552940362,"TIME_STOP_MAX (持倉2bars, 盈虧: +0.70%)",2.0
2023-02-13,BUY,21779.91,1.7236989535570404,0.5199999999999999,108897.13623455178,,,,,
2023-02-14,SELL,21771.78,1.7236989535570404,,108788.15491987238,21779.91,-14.013672492420493,-0.03732797793930542,"TIME_STOP_MIN_PROFIT (持倉1bars, 盈利不足: -0.04%)",1.0
2023-02-14,BUY,21771.78,1.6954407562313005,0.5199999999999999,108788.15491987238,,,,,
2023-02-16,SELL,24336.19,1.6954407562313005,,113051.27318979886,21771.78,4347.805229687109,11.778595962296157,"TIME_STOP_MAX (持倉2bars, 盈虧: +11.78%)",2.0
2023-03-03,BUY,23468.77,2.463306636195018,0.5199999999999999,111603.81637902425,,,,,
2023-03-04,SELL,22340.97,2.463306636195018,,111509.0601655852,23468.77,-2778.11722430074,-4.8055351856957085,"TIME_STOP_MIN_PROFIT (持倉1bars, 盈利不足: -4.81%)",1.0
2023-03-04,BUY,22340.97,1.3094675594602925,0.5199999999999999,111509.0601655852,,,,,
2023-03-05,SELL,22341.83,1.3094675594602925,,111415.5883328626,22340.97,1.1261421011366137,0.0038494299934077603,"TIME_STOP_MIN_PROFIT (持倉1bars, 盈利不足: +0.00%)",1.0
2023-03-05,BUY,22341.83,1.9048895155662209,0.5199999999999999,111415.5883328626,,,,,
2023-03-06,SELL,22426.78,1.9048895155662209,,111436.56739564863,22341.83,161.8203643473449,0.38022847725542874,"TIME_STOP_MIN_PROFIT (持倉1bars, 盈利不足: +0.38%)",1.0
2023-03-06,BUY,22426.78,1.587160670429393,0.5199999999999999,111436.56739564863,,,,,
2023-03-07,SELL,22417.37,1.587160670429393,,111320.88647543202,22426.78,-14.935181908740358,-0.04195876536889909,"TIME_STOP_MIN_PROFIT (持倉1bars, 盈利不足: -0.04%)",1.0
2023-03-07,BUY,22417.37,1.7501515909792076,0.5199999999999999,111320.88647543202,,,,,
2023-03-08,SELL,22198.27,1.7501515909792076,,110878.04257612096,22417.37,-383.45821358354186,-0.9773671041696574,"TIME_STOP_MIN_PROFIT (持倉1bars, 盈利不足: -0.98%)",1.0
2023-03-08,BUY,22198.27,1.6807774299372382,0.5199999999999999,110878.04257612096,,,,,
2023-03-09,SELL,21716.73,1.6807774299372382,,109925.31009224849,22198.27,-809.3615636119791,-2.1692681456708107,"TIME_STOP_MIN_PROFIT (持倉1bars, 盈利不足: -2.17%)",1.0
2023-03-09,BUY,21716.73,1.751359343525269,0.5199999999999999,109925.31009224849,,,,,
2023-03-10,SELL,20359.9,1.751359343525269,,107547.8720320971,21716.73,-2376.2968980753876,-6.247855915692635,"TIME_STOP_MIN_PROFIT (持倉1bars, 盈利不足: -6.25%)",1.0
2023-03-10,BUY,20359.9,1.8290469080760663,0.5199999999999999,107547.8720320971,,,,,
2023-03-11,SELL,20150.72,1.8290469080760663,,107081.45398340988,20359.9,-382.6000322313521,-1.027411725990801,"TIME_STOP_MIN_PROFIT (持倉1bars, 盈利不足: -1.03%)",1.0
2023-03-11,BUY,20150.72,1.8052192720481406,0.5199999999999999,107081.45398340988,,,,,
2023-03-13,SELL,22057.31,1.8052192720481406,,110429.86084363237,20150.72,3441.8130118942645,9.46164702799701,"TIME_STOP_MAX (持倉2bars, 盈虧: +9.46%)",2.0
2023-03-13,BUY,22057.31,2.17686899375412,0.7,110429.86084363237,,,,,
2023-03-14,SELL,24143.51,2.17686899375412,,114079.56884763823,22057.31,4541.384094769839,9.45808895100988,TAKE_PROFIT,1.0
2023-03-14,BUY,24143.51,1.7327708837367508,0.7,114079.56884763823,,,,,
2023-03-16,SELL,24258.49,1.7327708837367508,,114389.70925311474,24143.51,199.23399621205715,0.4762356426219805,"TIME_STOP_MAX (持倉2bars, 盈虧: +0.48%)",2.0
2023-03-16,BUY,24258.49,2.0282221517676082,0.7,114389.70925311474,,,,,
2023-03-27,SELL,27958.23,2.0282221517676082,,120663.51041515227,24258.49,7503.894623780687,15.251320259422574,TAKE_PROFIT,1.0
2023-03-27,BUY,27958.23,1.5555865347469502,0.7,120663.51041515227,,,,,
2023-03-28,SELL,27124.59,1.5555865347469502,,118867.61061998058,27958.23,-1296.7991588264467,-2.981733822205479,"TIME_STOP_MIN_PROFIT (持倉1bars, 盈利不足: -2.98%)",1.0
2023-03-28,BUY,27124.59,1.9221531195754544,0.7,118867.61061998058,,,,,
2023-04-05,SELL,28164.42,1.9221531195754544,,120373.16855123008,27124.59,1998.712478328141,3.8335325990180857,"TIME_STOP_MAX (持倉2bars, 盈虧: +3.83%)",2.0
2023-04-05,BUY,28164.42,1.5992181530915173,0.7,120373.16855123008,,,,,
2023-04-06,SELL,28180.17,1.5992181530915173,,120274.12482848152,28164.42,25.187685911191398,0.05592162025704894,"TIME_STOP_MIN_PROFIT (持倉1bars, 盈利不足: +0.06%)",1.0
2023-04-06,BUY,28180.17,1.8147996295603632,0.7,120274.12482848152,,,,,
2023-04-07,SELL,28033.83,1.8147996295603632,,119944.20777833431,28180.17,-265.57777778985724,-0.5193013384943934,"TIME_STOP_MIN_PROFIT (持倉1bars, 盈利不足: -0.52%)",1.0
2023-04-07,BUY,28033.83,1.2762238824382262,0.5199999999999999,119944.20777833431,,,,,
2023-04-08,SELL,27905.77,1.2762238824382262,,119624.81897152177,28033.83,-163.4332303850409,-0.4568052242594045,"TIME_STOP_MIN_PROFIT (持倉1bars, 盈利不足: -0.46%)",1.0
2023-04-08,BUY,27905.77,1.559448063212779,0.5199999999999999,119624.81897152177,,,,,
2023-04-09,SELL,27937.74,1.559448063212779,,119569.01260068227,27905.77,49.85555458091436,0.11456412061019439,"TIME_STOP_MIN_PROFIT (持倉1bars, 盈利不足: +0.11%)",1.0
2023-04-20,BUY,28798.48,2.160728113719543,0.5199999999999999,120126.8057304826,,,,,
2023-04-21,SELL,28234.0,2.160728113719543,,120044.92785559615,28798.48,-1219.6878056324067,-1.9601034499042935,"TIME_STOP_MIN_PROFIT (持倉1bars, 盈利不足: -1.96%)",1.0
2023-04-21,BUY,28234.0,1.421919409192117,0.7,120044.92785559615,,,,,
2023-04-22,SELL,27264.84,1.421919409192117,,117832.74359020789,28234.0,-1378.0674146126319,-3.4325989941205615,"TIME_STOP_MIN_PROFIT (持倉1bars, 盈利不足: -3.43%)",1.0
2023-04-22,BUY,27264.84,1.971907779978514,0.7,117832.74359020789,,,,,
2023-04-24,SELL,27582.16,1.971907779978514,,118040.70782174646,27264.84,625.7257767427815,1.1638432501346108,"TIME_STOP_MAX (持倉2bars, 盈虧: +1.16%)",2.0
2023-04-24,BUY,27582.16,1.1953863707299048,0.5199999999999999,118040.70782174646,,,,,
2023-04-25,SELL,27514.99,1.1953863707299048,,117811.445520998,27582.16,-80.29410252192562,-0.2435269754072822,"TIME_STOP_MIN_PROFIT (持倉1bars, 盈利不足: -0.24%)",1.0
2023-04-25,BUY,27514.99,2.098705942080127,0.7,117811.445520998,,,,,
2023-04-27,SELL,28390.86,2.098705942080127,,118816.83692639743,27514.99,1838.1935734897188,3.183246659366401,"TIME_STOP_MAX (持倉2bars, 盈虧: +3.18%)",2.0
2023-05-18,BUY,27414.46,2.2867952633331585,0.5199999999999999,121025.59319466476,,,,,
2023-05-19,SELL,26829.99,2.2867952633331585,,120964.2156097969,27414.46,-1336.5632275603255,-2.131977066117652,"TIME_STOP_MIN_PROFIT (持倉1bars, 盈利不足: -2.13%)",1.0
2023-05-19,BUY,26829.99,1.1508663316455134,0.5199999999999999,120964.2156097969,,,,,
2023-05-20,SELL,26871.02,1.1508663316455134,,120945.41795434627,26829.99,47.22004558741408,0.15292588629365333,"TIME_STOP_MIN_PROFIT (持倉1bars, 盈利不足: +0.15%)",1.0
2023-05-24,BUY,27217.04,2.3063315573367613,0.5199999999999999,121180.53716080492,,,,,
2023-05-25,SELL,26327.58,2.3063315573367613,,121116.51568004151,27217.04,-2051.3896669887536,-3.2680262071114186,"TIME_STOP_MIN_PROFIT (持倉1bars, 盈利不足: -3.27%)",1.0
2023-05-25,BUY,26327.58,1.1883100731865919,0.5199999999999999,121116.51568004151,,,,,
2023-05-27,SELL,26713.4,1.1883100731865919,,121639.19452919115,26327.58,458.47379243685054,1.4654594155634415,"TIME_STOP_MAX (持倉2bars, 盈虧: +1.47%)",2.0
2023-06-10,BUY,26481.27,2.3819605841867872,0.5199999999999999,121770.92926488043,,,,,
2023-06-11,SELL,25818.19,2.3819605841867872,,121633.58541759622,26481.27,-1579.4304241625791,-2.50395845818574,"TIME_STOP_MIN_PROFIT (持倉1bars, 盈利不足: -2.50%)",1.0
2023-06-11,BUY,25818.19,1.2065245232900246,0.5199999999999999,121633.58541759622,,,,,
2023-06-12,SELL,25932.39,1.2065245232900246,,121783.05226453715,25818.19,137.78510055972168,0.44232380348894207,"TIME_STOP_MIN_PROFIT (持倉1bars, 盈利不足: +0.44%)",1.0
2023-06-12,BUY,25932.39,1.8076391597953123,0.5199999999999999,121783.05226453715,,,,,
2023-06-13,SELL,25905.37,1.8076391597953123,,121665.18561905119,25932.39,-48.842410097670125,-0.10419402145348533,"TIME_STOP_MIN_PROFIT (持倉1bars, 盈利不足: -0.10%)",1.0
2023-06-13,BUY,25905.37,1.4964422209556325,0.5199999999999999,121665.18561905119,,,,,
2023-06-14,SELL,25933.68,1.4964422209556325,,121613.50594947091,25905.37,42.36427927525592,0.10928236114751133,"TIME_STOP_MIN_PROFIT (持倉1bars, 盈利不足: +0.11%)",1.0
2023-06-14,BUY,25933.68,1.6539542659162927,0.5199999999999999,121613.50594947091,,,,,
2023-06-15,SELL,25106.38,1.6539542659162927,,120274.03482594533,25933.68,-1368.3163641925478,-3.190060184285448,"TIME_STOP_MIN_PROFIT (持倉1bars, 盈利不足: -3.19%)",1.0
2023-06-15,BUY,25106.38,1.624770333717288,0.5199999999999999,120274.03482594533,,,,,
2023-06-17,SELL,26362.09,1.624770333717288,,122223.55829119307,25106.38,2040.2403557521343,5.0015573730661345,"TIME_STOP_MAX (持倉2bars, 盈虧: +5.00%)",2.0
2023-06-17,BUY,26362.09,1.5599920248979984,0.5199999999999999,122223.55829119307,,,,,
2023-06-19,SELL,26330.67,1.5599920248979984,,122089.57109855671,26362.09,-49.01494942229806,-0.11918630123788354,"TIME_STOP_MAX (持倉2bars, 盈虧: -0.12%)",2.0
2023-06-19,BUY,26330.67,1.5937770968288276,0.5199999999999999,122089.57109855671,,,,,
2023-07-03,SELL,30621.45,1.5937770968288276,,128793.98953958345,26330.67,6838.546891531201,16.295749405541148,"TIME_STOP_MAX (持倉2bars, 盈虧: +16.30%)",2.0
2023-08-19,BUY,26050.27,2.5769803368267934,0.5199999999999999,129596.58988229524,,,,,
2023-08-20,SELL,26089.42,2.5769803368267934,,129502.04044796726,26050.27,100.88878018676334,0.15028635019904701,"TIME_STOP_MIN_PROFIT (持倉1bars, 盈利不足: +0.15%)",1.0
2023-08-20,BUY,26089.42,1.2363602249621999,0.5199999999999999,129502.04044796726,,,,,
2023-08-21,SELL,26188.65,1.2363602249621999,,129656.21721009711,26089.42,122.68402512300305,0.38034574934975307,"TIME_STOP_MIN_PROFIT (持倉1bars, 盈利不足: +0.38%)",1.0
2023-09-11,BUY,25846.59,2.5963058919461974,0.5199999999999999,129547.5944087214,,,,,
2023-09-12,SELL,25167.84,2.5963058919461974,,129482.25099744185,25846.59,-1762.2426241584815,-2.626071756467685,"TIME_STOP_MIN_PROFIT (持倉1bars, 盈利不足: -2.63%)",1.0
2023-09-12,BUY,25167.84,1.3200941747032409,0.5199999999999999,129482.25099744185,,,,,
2023-09-14,SELL,26214.86,1.3200941747032409,,131585.0431169481,25167.84,1382.1650027977878,4.160150414179364,"TIME_STOP_MAX (持倉2bars, 盈虧: +4.16%)",2.0
2023-09-21,BUY,27116.35,2.5207083014500897,0.5199999999999999,131954.45666028216,,,,,
2023-09-22,SELL,26564.86,2.5207083014500897,,131879.3443674518,27116.35,-1390.1454211667049,-2.0337914210430186,"TIME_STOP_MIN_PROFIT (持倉1bars, 盈利不足: -2.03%)",1.0
2023-09-22,BUY,26564.86,1.2658469904072838,0.5199999999999999,131879.3443674518,,,,,
2023-09-23,SELL,26581.13,1.2658469904072838,,131809.14149590768,26564.86,20.595330533927058,0.06124632315021028,"TIME_STOP_MIN_PROFIT (持倉1bars, 盈利不足: +0.06%)",1.0
2023-09-23,BUY,26581.13,1.912923040043803,0.5199999999999999,131809.14149590768,,,,,
2023-09-24,SELL,26575.97,1.912923040043803,,131718.1181826596,26581.13,-9.870682886625746,-0.019412267273810624,"TIME_STOP_MIN_PROFIT (持倉1bars, 盈利不足: -0.02%)",1.0
2023-09-24,BUY,26575.97,1.5764622108062267,0.5199999999999999,131718.1181826596,,,,,
2023-09-25,SELL,26225.42,1.5764622108062267,,130938.60030187272,26575.97,-552.6288279981273,-1.319048749678764,"TIME_STOP_MIN_PROFIT (持倉1bars, 盈利不足: -1.32%)",1.0
2023-09-25,BUY,26225.42,1.7696693610795844,0.5199999999999999,130938.60030187272,,,,,
2023-09-26,SELL,26305.87,1.7696693610795844,,130972.42378025153,26225.42,142.36990009885386,0.3067634379163353,"TIME_STOP_MIN_PROFIT (持倉1bars, 盈利不足: +0.31%)",1.0
2023-09-26,BUY,26305.87,1.6623446014748504,0.5199999999999999,130972.42378025153,,,,,
2023-09-27,SELL,26213.81,1.6623446014748504,,130706.44612227316,26305.87,-153.03544401177086,-0.3499599138899301,"TIME_STOP_MIN_PROFIT (持倉1bars, 盈利不足: -0.35%)",1.0
2023-09-27,BUY,26213.81,1.7217402347414281,0.5199999999999999,130706.44612227316,,,,,
2023-09-29,SELL,27033.22,1.7217402347414281,,132009.2039866712,26213.81,1410.8111657494733,3.125871439519856,"TIME_STOP_MAX (持倉2bars, 盈虧: +3.13%)",2.0
2023-09-29,BUY,27033.22,1.6376473503678897,0.5199999999999999,132009.2039866712,,,,,
2023-09-30,SELL,26895.96,1.6376473503678897,,131664.45823992716,27033.22,-224.78347531149987,-0.5077456551605852,"TIME_STOP_MIN_PROFIT (持倉1bars, 盈利不足: -0.51%)",1.0
2023-09-30,BUY,26895.96,1.6874768848611121,0.5199999999999999,131664.45823992716,,,,,
2023-10-01,SELL,26960.13,1.6874768848611121,,131675.77872770972,26895.96,108.28539170154076,0.23858601812316582,"TIME_STOP_MIN_PROFIT (持倉1bars, 盈利不足: +0.24%)",1.0
2023-10-06,BUY,27417.24,2.519488381432837,0.5199999999999999,133354.08809064797,,,,,
2023-10-08,SELL,27957.38,2.519488381432837,,133341.10113583706,27417.24,1360.876454347131,1.970074303613334,"TIME_STOP_MAX (持倉2bars, 盈虧: +1.97%)",2.0
2023-10-08,BUY,27957.38,1.1654759513293718,0.5199999999999999,133341.10113583706,,,,,
2023-10-09,SELL,27919.42,1.1654759513293718,,133132.72627520034,27957.38,-44.241467112466175,-0.13577810223991404,"TIME_STOP_MIN_PROFIT (持倉1bars, 盈利不足: -0.14%)",1.0
2023-10-09,BUY,27919.42,1.8663473844188192,0.5199999999999999,133132.72627520034,,,,,
2023-10-10,SELL,27584.91,1.8663473844188192,,132644.32903432142,27919.42,-624.3118635619362,-1.1981266086473097,"TIME_STOP_MIN_PROFIT (持倉1bars, 盈利不足: -1.20%)",1.0
2023-10-10,BUY,27584.91,1.5240780442100954,0.5199999999999999,132644.32903432142,,,,,
2023-10-11,SELL,27389.17,1.5240780442100954,,132184.6999368421,27584.91,-298.32303637368653,-0.7095908596402967,"TIME_STOP_MIN_PROFIT (持倉1bars, 盈利不足: -0.71%)",1.0
2023-10-11,BUY,27389.17,1.7104819188235647,0.5199999999999999,132184.6999368421,,,,,
2023-10-12,SELL,26861.64,1.7104819188235647,,131270.7255646382,27389.17,-902.3305266369931,-1.9260532538956099,"TIME_STOP_MIN_PROFIT (持倉1bars, 盈利不足: -1.93%)",1.0
2023-10-12,BUY,26861.64,1.6453956938582164,0.5199999999999999,131270.7255646382,,,,,
2023-10-13,SELL,26751.59,1.6453956938582164,,130976.73634013147,26861.64,-181.0757961090955,-0.4096920366738588,"TIME_STOP_MIN_PROFIT (持倉1bars, 盈利不足: -0.41%)",1.0
2023-10-13,BUY,26751.59,1.6838314586699459,0.5199999999999999,130976.73634013147,,,,,
2023-10-14,SELL,26859.11,1.6838314586699459,,131041.2893437317,26751.59,181.04555843619332,0.40192003540724386,"TIME_STOP_MIN_PROFIT (持倉1bars, 盈利不足: +0.40%)",1.0
2023-10-14,BUY,26859.11,1.655014214412055,0.5199999999999999,131041.2893437317,,,,,
2023-10-15,SELL,26852.68,1.655014214412055,,130940.4355353298,26859.11,-10.641741398669994,-0.023939735903388826,"TIME_STOP_MIN_PROFIT (持倉1bars, 盈利不足: -0.02%)",1.0
2023-10-15,BUY,26852.68,1.6686011918386034,0.5199999999999999,130940.4355353298,,,,,
2023-10-17,SELL,28515.91,1.6686011918386034,,133598.14114966802,26852.68,2775.2675603017196,6.193906902402291,"TIME_STOP_MAX (持倉2bars, 盈虧: +6.19%)",2.0
2023-10-17,BUY,28515.91,1.5625146153120957,0.5199999999999999,133598.14114966802,,,,,
2023-10-18,SELL,28392.82,1.5625146153120957,,133292.24558020761,28515.91,-192.32992399876608,-0.4316537680193244,"TIME_STOP_MIN_PROFIT (持倉1bars, 盈利不足: -0.43%)",1.0
2023-10-18,BUY,28392.82,1.6224076921075854,0.5199999999999999,133292.24558020761,,,,,
2023-10-19,SELL,28302.55,1.6224076921075854,,133037.83592990035,28392.82,-146.45474236655244,-0.3179324913833881,"TIME_STOP_MIN_PROFIT (持倉1bars, 盈利不足: -0.32%)",1.0
2023-10-19,BUY,28302.55,1.5944829229764075,0.5199999999999999,133037.83592990035,,,,,
2023-10-21,SELL,29667.6,1.5944829229764075,,135105.32151677663,28302.55,2176.548914008944,4.823063646208547,"TIME_STOP_MAX (持倉2bars, 盈虧: +4.82%)",2.0
2023-10-21,BUY,29667.6,1.5330136274811696,0.5199999999999999,135105.32151677663,,,,,
2023-10-23,SELL,29979.08,1.5330136274811696,,135484.27189653393,29667.6,477.50308468783965,1.0498995537219225,"TIME_STOP_MAX (持倉2bars, 盈虧: +1.05%)",2.0
2023-10-23,BUY,29979.08,2.03067055185437,0.7,135484.27189653393,,,,,
2023-10-24,SELL,33095.19,2.03067055185437,,140122.39024103573,29979.08,6327.792813338922,10.394281612377698,TAKE_PROFIT,1.0
2023-10-24,BUY,33095.19,1.4982096945207788,0.7,140122.39024103573,,,,,
2023-10-26,SELL,34477.08,1.4982096945207788,,142453.82904723767,33095.19,2070.360994761318,4.175501032023088,"TIME_STOP_MAX (持倉2bars, 盈虧: +4.18%)",2.0
2023-10-26,BUY,34477.08,1.7908696100620778,0.7,142453.82904723767,,,,,
2023-10-27,SELL,34135.37,1.7908696100620778,,141799.20534689692,34477.08,-611.9580544543111,-0.9911222180068568,"TIME_STOP_MIN_PROFIT (持倉1bars, 盈利不足: -0.99%)",1.0
2023-10-27,BUY,34135.37,1.6069461628292607,0.7,141799.20534689692,,,,,
2023-10-28,SELL,33893.78,1.6069461628292607,,141244.6055343451,34135.37,-388.2221234779272,-0.7077409736587104,"TIME_STOP_MIN_PROFIT (持倉1bars, 盈利不足: -0.71%)",1.0
2023-10-28,BUY,33893.78,1.7410216729236117,0.7,141244.6055343451,,,,,
2023-10-31,SELL,34466.94,1.7410216729236117,,142012.06364289526,33893.78,997.8839820529033,1.6910477379625588,"TIME_STOP_MAX (持倉2bars, 盈虧: +1.69%)",2.0
2023-10-31,BUY,34466.94,1.6178684382891404,0.7,142012.06364289526,,,,,
2023-11-07,SELL,35052.35,1.6178684382891404,,142875.94384749638,34466.94,947.1163624588396,1.6984681552815406,"TIME_STOP_MAX (持倉2bars, 盈虧: +1.70%)",2.0
2023-11-07,BUY,35052.35,1.2733500579281956,0.5199999999999999,142875.94384749638,,,,,
2023-11-09,SELL,35566.51,1.2733500579281956,,143526.18455554306,35052.35,654.7056657843655,1.4668346059536708,"TIME_STOP_MAX (持倉2bars, 盈虧: +1.47%)",2.0
2023-11-09,BUY,35566.51,1.878214802379619,0.7,143526.18455554306,,,,,
2023-11-11,SELL,37281.1,1.878214802379619,,145914.80265884264,35566.51,3220.3683180120643,4.820799116922059,"TIME_STOP_MAX (持倉2bars, 盈虧: +4.82%)",2.0
2023-11-13,BUY,37069.69,2.6696981515927316,0.7,145536.59246046407,,,,,
2023-11-14,SELL,36456.19,2.6696981515927316,,145402.360037402,37069.69,-1637.8598160021409,-1.6549909103636962,"TIME_STOP_MIN_PROFIT (持倉1bars, 盈利不足: -1.65%)",1.0
2023-11-14,BUY,36456.19,0.8967264310010514,0.7,145402.360037402,,,,,
2023-11-15,SELL,35548.34,0.8967264310010514,,142816.41576348638,36456.19,-814.0930903843098,-2.4902492553390942,"TIME_STOP_MIN_PROFIT (持倉1bars, 盈利不足: -2.49%)",1.0
2023-11-16,BUY,37843.71,2.602564004877158,0.7,144839.2315544261,,,,,
2023-11-17,SELL,36154.0,2.602564004877158,,144708.66612342943,37843.71,-4397.57842468098,-4.464969211528147,"TIME_STOP_MIN_PROFIT (持倉1bars, 盈利不足: -4.46%)",1.0
2023-11-17,BUY,36154.0,0.9519993810352505,0.7,144708.66612342943,,,,,
2023-11-19,SELL,36569.74,0.9519993810352505,,145707.92590671673,36154.0,395.7842226715931,1.1499142556840036,"TIME_STOP_MAX (持倉2bars, 盈虧: +1.15%)",2.0
2023-11-21,BUY,37448.66,2.6588051384706897,0.7,146424.5435835909,,,,,
2023-11-22,SELL,35720.64,2.6588051384706897,,146254.27654744472,37448.66,-4594.468455380132,-4.614370714466165,"TIME_STOP_MIN_PROFIT (持倉1bars, 盈利不足: -4.61%)",1.0
2023-11-22,BUY,35720.64,0.9761985689189355,0.7,146254.27654744472,,,,,
2023-11-23,SELL,37431.32,0.9761985689189355,,150609.7085485638,35720.64,1669.963367878245,4.789051931880284,TAKE_PROFIT,1.0
2023-11-23,BUY,37431.32,2.0722520371078446,0.7,150609.7085485638,,,,,
2023-11-24,SELL,37292.34,2.0722520371078446,,150346.57910170237,37431.32,-288.00158811725487,-0.3712933447177491,"TIME_STOP_MIN_PROFIT (持倉1bars, 盈利不足: -0.37%)",1.0
2023-11-24,BUY,37292.34,1.3323343900212516,0.7,150346.57910170237,,,,,
2023-11-26,SELL,37775.93,1.3323343900212516,,151169.8573193312,37292.34,644.3035876703822,1.2967542396106202,"TIME_STOP_MAX (持倉2bars, 盈虧: +1.30%)",2.0
2023-11-26,BUY,37775.93,1.8152031447644328,0.7,151169.8573193312,,,,,
2023-11-27,SELL,37456.12,1.8152031447644328,,150607.2391653772,37775.93,-580.520117727109,-0.8465972909204256,"TIME_STOP_MIN_PROFIT (持倉1bars, 盈利不足: -0.85%)",1.0
2023-11-27,BUY,37456.12,1.4998725227940903,0.7,150607.2391653772,,,,,
2023-11-28,SELL,37245.05,1.4998725227940903,,150088.94082360013,37456.12,-316.5780933861482,-0.5635127183488242,"TIME_STOP_MIN_PROFIT (持倉1bars, 盈利不足: -0.56%)",1.0
2023-11-28,BUY,37245.05,1.720329475422519,0.7,150088.94082360013,,,,,
2023-11-30,SELL,37851.51,1.720329475422519,,150859.18453127082,37245.05,1043.3110136647392,1.6282969146235615,"TIME_STOP_MAX (持倉2bars, 盈虧: +1.63%)",2.0
2023-11-30,BUY,37851.51,1.540351732560577,0.7,150859.18453127082,,,,,
2023-12-01,SELL,37738.91,1.540351732560577,,150508.56650408386,37851.51,-173.4436050863187,-0.29747822477887986,"TIME_STOP_MIN_PROFIT (持倉1bars, 盈利不足: -0.30%)",1.0
2023-12-01,BUY,37738.91,1.664505210893282,0.7,150508.56650408386,,,,,
2023-12-03,SELL,39445.0,1.664505210893282,,153078.54130487205,37738.91,2839.795695252914,4.520771797595624,"TIME_STOP_MAX (持倉2bars, 盈虧: +4.52%)",2.0
2023-12-03,BUY,39445.0,2.1054893293985857,1.0,153078.54130487205,,,,,
2023-12-05,SELL,41887.4,2.1054893293985857,,156904.98030594975,39445.0,5142.447138123109,6.1919127899607185,TAKE_PROFIT,1.0
2023-12-17,BUY,42265.59,2.5962286192682558,0.7,161369.31524743853,,,,,
2023-12-20,SELL,42266.82,2.5962286192682558,,160188.06230538388,42265.59,3.1933612017082664,0.002910168768499588,"TIME_STOP_MAX (持倉2bars, 盈虧: +0.00%)",2.0
2023-12-23,BUY,43974.2,2.530747483413652,0.7,163658.22938989504,,,,,
2023-12-24,SELL,43694.57,2.530747483413652,,163521.43003713893,43974.2,-707.6729187869529,-0.6358955933251753,"TIME_STOP_MIN_PROFIT (持倉1bars, 盈利不足: -0.64%)",1.0
2023-12-26,BUY,43588.53,2.5207024367161663,0.7,161578.99085864078,,,,,
2023-12-27,SELL,42514.07,2.5207024367161663,,161431.165147834,43588.53,-2708.3939401540497,-2.46500627573355,"TIME_STOP_MIN_PROFIT (持倉1bars, 盈利不足: -2.47%)",1.0
2023-12-28,BUY,43400.01,2.5628931874133882,0.7,163572.9264156955,,,,,
2023-12-29,SELL,42595.99,2.5628931874133882,,163491.8443641385,43400.01,-2060.6173805441226,-1.8525802182994933,"TIME_STOP_MIN_PROFIT (持倉1bars, 盈利不足: -1.85%)",1.0
2023-12-29,BUY,42595.99,0.8672072843421786,0.7,163491.8443641385,,,,,
2023-12-30,SELL,42054.03,0.8672072843421786,,161937.10117393115,42595.99,-469.9916598220864,-1.2723263386999584,"TIME_STOP_MIN_PROFIT (持倉1bars, 盈利不足: -1.27%)",1.0
2023-12-30,BUY,42054.03,2.0287693525436423,0.7,161937.10117393115,,,,,
2023-12-31,SELL,42167.99,2.0287693525436423,,161903.26821573754,42054.03,231.1985554158717,0.270984730833157,"TIME_STOP_MIN_PROFIT (持倉1bars, 盈利不足: +0.27%)",1.0
2023-12-31,BUY,42167.99,1.2312850781564904,0.7,161903.26821573754,,,,,
2024-01-01,SELL,42298.61,1.2312850781564904,,161957.04713770052,42167.99,160.830456908804,0.30976102963409247,"TIME_STOP_MIN_PROFIT (持倉1bars, 盈利不足: +0.31%)",1.0
2024-01-01,BUY,42298.61,1.7663765281222938,0.7,161957.04713770052,,,,,
2024-01-03,SELL,45000.0,1.7663765281222938,,165554.96342255527,42298.61,4771.671889304283,6.386474638291895,"TIME_STOP_MAX (持倉2bars, 盈虧: +6.39%)",2.0
2024-01-20,BUY,41668.45,2.0093646069734272,0.5199999999999999,161635.3448985365,,,,,
2024-01-21,SELL,41690.98,2.0093646069734272,,161541.37485285854,41668.45,45.27098459512359,0.054069685817470514,"TIME_STOP_MIN_PROFIT (持倉1bars, 盈利不足: +0.05%)",1.0
2024-01-21,BUY,41690.98,0.9662603162412,0.5199999999999999,161541.37485285854,,,,,
2024-01-22,SELL,41597.47,0.9662603162412,,161165.4974915141,41690.98,-90.35500217171658,-0.22429312047834715,"TIME_STOP_MIN_PROFIT (持倉1bars, 盈利不足: -0.22%)",1.0
2024-01-22,BUY,41597.47,1.5064195904409756,0.5199999999999999,161165.4974915141,,,,,
2024-01-23,SELL,39593.55,1.5064195904409756,,159096.2101263441,41597.47,-3018.744345676477,-4.817408366422282,"TIME_STOP_MIN_PROFIT (持倉1bars, 盈利不足: -4.82%)",1.0
2024-01-23,BUY,39593.55,1.3011206666020654,0.5199999999999999,159096.2101263441,,,,,
2024-01-25,SELL,40057.99,1.3011206666020654,,159613.2411832314,39593.55,604.2924823966569,1.1730193427969882,"TIME_STOP_MAX (持倉2bars, 盈虧: +1.17%)",2.0
2024-01-25,BUY,40057.99,1.3900186851965546,0.5199999999999999,159613.2411832314,,,,,
2024-01-26,SELL,39963.35,1.3900186851965546,,159353.64748442624,40057.99,-131.55136836700112,-0.23625748571008964,"TIME_STOP_MIN_PROFIT (持倉1bars, 盈利不足: -0.24%)",1.0
2024-01-26,BUY,39963.35,1.3454925907711197,0.5199999999999999,159353.64748442624,,,,,
2024-01-27,SELL,41799.0,1.3454925907711197,,161740.6699128214,39963.35,2469.853474249008,4.593333641949449,TAKE_PROFIT,1.0
2024-01-27,BUY,41799.0,1.3074288908249216,0.5199999999999999,161740.6699128214,,,,,
2024-01-29,SELL,41994.98,1.3074288908249216,,161869.8236898975,41799.0,256.2299140238723,0.4688628914567339,"TIME_STOP_MAX (持倉2bars, 盈虧: +0.47%)",2.0
2024-01-29,BUY,41994.98,1.73201116005847,0.7,161869.8236898975,,,,,
2024-01-31,SELL,42988.8,1.73201116005847,,162861.67604091653,41994.98,1721.3073310893083,2.3665209508374474,"TIME_STOP_MAX (持倉2bars, 盈虧: +2.37%)",2.0
2024-01-31,BUY,42988.8,1.0652444368300251,0.5199999999999999,162861.67604091653,,,,,
2024-02-01,SELL,42632.86,1.0652444368300251,,162056.81379755196,42988.8,-379.1631048452816,-0.827983102575558,"TIME_STOP_MIN_PROFIT (持倉1bars, 盈利不足: -0.83%)",1.0
2024-02-01,BUY,42632.86,1.8604623255946489,0.7,162056.81379755196,,,,,
2024-02-03,SELL,43206.95,1.8604623255946489,,162600.7910947685,42632.86,1068.0728165006255,1.3465903999872353,"TIME_STOP_MAX (持倉2bars, 盈虧: +1.35%)",2.0
2024-02-03,BUY,43206.95,0.9856708284071171,0.5199999999999999,162600.7910947685,,,,,
2024-02-04,SELL,42997.63,0.9856708284071171,,162074.81375315948,43206.95,-206.32061780217745,-0.48445909743687343,"TIME_STOP_MIN_PROFIT (持倉1bars, 盈利不足: -0.48%)",1.0
2024-02-04,BUY,42997.63,1.441966256299375,0.5199999999999999,162074.81375315948,,,,,
2024-02-05,SELL,42587.28,1.441966256299375,,161545.44657266582,42997.63,-591.7108532724463,-0.9543549260738304,"TIME_STOP_MIN_PROFIT (持倉1bars, 盈利不足: -0.95%)",1.0
2024-02-05,BUY,42587.28,1.2179801433225592,0.5199999999999999,161545.44657266582,,,,,
2024-02-06,SELL,42708.71,1.2179801433225592,,161606.92725052836,42587.28,147.89932880365873,0.28513208638822896,"TIME_STOP_MIN_PROFIT (持倉1bars, 盈利不足: +0.29%)",1.0
2024-02-06,BUY,42708.71,1.3291639447604082,0.5199999999999999,161606.92725052836,,,,,
2024-02-08,SELL,44393.18,1.3291639447604082,,163675.92718096322,42708.71,2238.9367900305665,3.944090093098107,"TIME_STOP_MAX (持倉2bars, 盈虧: +3.94%)",2.0
2024-02-08,BUY,44393.18,1.221338919595822,0.5199999999999999,163675.92718096322,,,,,
2024-02-10,SELL,47136.0,1.221338919595822,,166979.18895660408,44393.18,3349.912815445812,6.178471558018606,"TIME_STOP_MAX (持倉2bars, 盈虧: +6.18%)",2.0
2024-02-10,BUY,47136.0,1.5783882212517837,0.7,166979.18895660408,,,,,
2024-02-12,SELL,48295.82,1.5783882212517837,,168415.05078610138,47136.0,1830.6462267722434,2.460582145281731,"TIME_STOP_MAX (持倉2bars, 盈虧: +2.46%)",2.0
2024-02-16,BUY,51883.26,2.2395419714099165,0.7,170874.61526996072,,,,,
2024-02-17,SELL,52133.49,2.2395419714099165,,170754.94581502225,51883.26,560.4005875058942,0.4822942891406612,"TIME_STOP_MIN_PROFIT (持倉1bars, 盈利不足: +0.48%)",1.0
2024-02-17,BUY,52133.49,0.7043431900277785,0.7,170754.94581502225,,,,,
2024-02-18,SELL,51659.68,0.7043431900277785,,169502.62346725707,52133.49,-333.7248468670601,-0.9088399798287017,"TIME_STOP_MIN_PROFIT (持倉1bars, 盈利不足: -0.91%)",1.0
2024-02-18,BUY,51659.68,1.7522215811047441,0.7,169502.62346725707,,,,,
2024-02-20,SELL,51755.99,1.7522215811047441,,169022.93832326366,51659.68,168.75646047619384,0.1864316619847317,"TIME_STOP_MAX (持倉2bars, 盈虧: +0.19%)",2.0
2024-02-20,BUY,51755.99,1.0292100193967728,0.7,169022.93832326366,,,,,
2024-02-22,SELL,51833.27,1.0292100193967728,,169300.418740533,51755.99,79.53735029898141,0.1493160501808477,"TIME_STOP_MAX (持倉2bars, 盈虧: +0.15%)",2.0
2024-02-22,BUY,51833.27,1.5211871947213764,0.7,169300.418740533,,,,,
2024-02-23,SELL,51292.61,1.5211871947213764,,168583.81716259473,51833.27,-822.4450686980537,-1.043075229480983,"TIME_STOP_MIN_PROFIT (持倉1bars, 盈利不足: -1.04%)",1.0
2024-02-23,BUY,51292.61,1.2005539558192657,0.7,168583.81716259473,,,,,
2024-02-24,SELL,50761.08,1.2005539558192657,,167584.63112457766,51292.61,-638.1304441366129,-1.0362701371601113,"TIME_STOP_MIN_PROFIT (持倉1bars, 盈利不足: -1.04%)",1.0
2024-02-24,BUY,50761.08,1.4286021238252853,0.7,167584.63112457766,,,,,
2024-02-26,SELL,51729.34,1.4286021238252853,,168623.84257408546,50761.08,1383.2582924150634,1.9074850259293008,"TIME_STOP_MAX (持倉2bars, 盈虧: +1.91%)",2.0
2024-02-26,BUY,51729.34,1.2451690734597332,0.7,168623.84257408546,,,,,
2024-02-27,SELL,54501.17,1.2451690734597332,,172399.51952005315,51729.34,3451.396992887894,5.358332427979939,TAKE_PROFIT,1.0
2024-02-27,BUY,54501.17,1.8221541071549043,1.0,172399.51952005315,,,,,
2024-02-28,SELL,57021.18,1.8221541071549043,,175285.59329001282,54501.17,4591.846571571434,4.623772296998396,TAKE_PROFIT,1.0
2024-02-28,BUY,57021.18,1.1892950156465376,1.0,175285.59329001282,,,,,
2024-02-29,SELL,62395.27,1.1892950156465376,,184849.21942026718,57021.18,6391.378450635897,9.424726040394106,TAKE_PROFIT,1.0
2024-02-29,BUY,62395.27,1.205814613036471,0.7,184849.21942026718,,,,,
2024-03-01,SELL,61196.0,1.205814613036471,,183234.770278727,62395.27,-1446.0972909762447,-1.922052745344316,"TIME_STOP_MIN_PROFIT (持倉1bars, 盈利不足: -1.92%)",1.0
2024-03-01,BUY,61196.0,1.2161210319164002,0.7,183234.770278727,,,,,
2024-03-04,SELL,63167.63,1.2161210319164002,,185401.49626649817,61196.0,2397.740710157329,3.221828224066936,"TIME_STOP_MAX (持倉2bars, 盈虧: +3.22%)",2.0
2024-03-04,BUY,63167.63,1.1688861646904545,0.7,185401.49626649817,,,,,
2024-03-05,SELL,68157.84,1.1688861646904545,,191270.11189480993,63167.63,5832.987427899951,7.899948122163192,TAKE_PROFIT,1.0
2024-03-05,BUY,68157.84,1.1134290916270895,0.7,191270.11189480993,,,,,
2024-03-06,SELL,63809.98,1.1134290916270895,,185965.0351968761,68157.84,-4841.03381032175,-6.379104736887198,"TIME_STOP_MIN_PROFIT (持倉1bars, 盈利不足: -6.38%)",1.0
2024-03-18,BUY,68410.0,1.872466022464525,0.7,188375.5891129385,,,,,
2024-03-19,SELL,67580.0,1.872466022464525,,188138.7430390929,68410.0,-1554.146798645556,-1.2132729133167652,"TIME_STOP_MIN_PROFIT (持倉1bars, 盈利不足: -1.21%)",1.0
2024-03-19,BUY,67580.0,0.6198030879526396,0.7,188138.7430390929,,,,,
2024-03-25,SELL,67289.99,0.6198030879526396,,187307.13523568626,67580.0,-179.74909353714176,-0.42913583900561214,"TIME_STOP_MIN_PROFIT (持倉1bars, 盈利不足: -0.43%)",1.0
2024-04-13,BUY,67068.0,1.4587314956240718,0.5199999999999999,188869.11959172832,,,,,
2024-04-14,SELL,63945.53,1.4587314956240718,,188759.84785009606,67068.0,-4554.8453331412975,-4.655677819526449,"TIME_STOP_MIN_PROFIT (持倉1bars, 盈利不足: -4.66%)",1.0
2024-05-01,BUY,60742.33,1.6298369410168876,0.5199999999999999,191119.871269186,,,,,
2024-05-02,SELL,58400.0,1.6298369410168876,,191034.22881828673,60742.33,-3817.6159620520893,-3.856174104615351,"TIME_STOP_MIN_PROFIT (持倉1bars, 盈利不足: -3.86%)",1.0
2024-05-02,BUY,58400.0,0.8501919050990144,0.5199999999999999,191034.22881828673,,,,,
2024-05-04,SELL,62826.94,0.8501919050990144,,195147.38116971322,58400.0,3763.748552359033,7.580376712328762,"TIME_STOP_MAX (持倉2bars, 盈虧: +7.58%)",2.0
2024-05-07,BUY,63149.5,1.6077288092230364,0.5199999999999999,195998.59157920882,,,,,
2024-05-08,SELL,62340.01,1.6077288092230364,,195893.19006653148,63149.5,-1301.4403937779525,-1.2818628809412536,"TIME_STOP_MIN_PROFIT (持倉1bars, 盈利不足: -1.28%)",1.0
2024-05-08,BUY,62340.01,0.7949259631421404,0.5199999999999999,195893.19006653148,,,,,
2024-05-09,SELL,61178.0,0.7949259631421404,,193841.03414920025,62340.01,-923.7119184308001,-1.8639875097870573,"TIME_STOP_MIN_PROFIT (持倉1bars, 盈利不足: -1.86%)",1.0
2024-05-09,BUY,61178.0,1.229498998862578,0.5199999999999999,193841.03414920025,,,,,
2024-05-11,SELL,60814.0,1.229498998862578,,192394.99491155162,61178.0,-447.53763558597836,-0.5949851253718608,"TIME_STOP_MAX (持倉2bars, 盈虧: -0.59%)",2.0
2024-05-11,BUY,60814.0,1.0018968949200249,0.5199999999999999,192394.99491155162,,,,,
2024-05-12,SELL,60804.01,1.0018968949200249,,192224.96837118643,60814.0,-10.008949980249007,-0.016427138487840054,"TIME_STOP_MIN_PROFIT (持倉1bars, 盈利不足: -0.02%)",1.0
2024-05-12,BUY,60804.01,1.1186155473744763,0.5199999999999999,192224.96837118643,,,,,
2024-05-14,SELL,62924.57,1.1186155473744763,,194352.8817762558,60804.01,2372.091385140417,3.4875331413174893,"TIME_STOP_MAX (持倉2bars, 盈虧: +3.49%)",2.0
2024-05-14,BUY,62924.57,1.0204853265032139,0.5199999999999999,194352.8817762558,,,,,
2024-05-16,SELL,66258.01,1.0204853265032139,,197901.21713438118,62924.57,3401.7266067788682,5.297517329081458,TAKE_PROFIT,1.0
2024-05-16,BUY,66258.01,1.337112378004305,0.7,197901.21713438118,,,,,
2024-05-20,SELL,66274.78,1.337112378004305,,197745.3117894301,66258.01,22.423374579137644,0.02531014740709825,"TIME_STOP_MIN_PROFIT (持倉1bars, 盈利不足: +0.03%)",1.0
2024-07-04,BUY,60250.0,1.7587115014927017,0.5199999999999999,204560.55591686352,,,,,
2024-07-05,SELL,57186.01,1.7587115014927017,,204649.17113718676,60250.0,-5388.67445345862,-5.0854605809128595,"TIME_STOP_MIN_PROFIT (持倉1bars, 盈利不足: -5.09%)",1.0
2024-07-05,BUY,57186.01,0.9427322768299069,0.5199999999999999,204649.17113718676,,,,,
2024-07-06,SELL,56613.23,0.9427322768299069,,203451.78645238592,57186.01,-539.978193522633,-1.0016086102177746,"TIME_STOP_MIN_PROFIT (持倉1bars, 盈利不足: -1.00%)",1.0
2024-07-06,BUY,56613.23,1.3732087999243212,0.5199999999999999,203451.78645238592,,,,,
2024-07-08,SELL,55915.39,1.3732087999243212,,201603.20830992487,56613.23,-958.2800289391935,-1.2326447369281013,"TIME_STOP_MAX (持倉2bars, 盈虧: -1.23%)",2.0
2024-07-08,BUY,55915.39,1.1563293398142314,0.5199999999999999,201603.20830992487,,,,,
2024-07-10,SELL,58002.01,1.1563293398142314,,204000.76046197774,55915.39,2412.8199270431746,3.731745410342313,"TIME_STOP_MAX (持倉2bars, 盈虧: +3.73%)",2.0
2024-07-10,BUY,58002.01,1.2228960907896753,0.5199999999999999,204000.76046197774,,,,,
2024-07-11,SELL,57666.66,1.2228960907896753,,203434.77418096265,58002.01,-410.09820404631586,-0.5781696186045959,"TIME_STOP_MIN_PROFIT (持倉1bars, 盈利不足: -0.58%)",1.0
2024-07-11,BUY,57666.66,1.1939252332075037,0.5199999999999999,203434.77418096265,,,,,
2024-07-12,SELL,57380.0,1.1939252332075037,,202902.52817267604,57666.66,-342.25060735126715,-0.49709832336397586,"TIME_STOP_MIN_PROFIT (持倉1bars, 盈利不足: -0.50%)",1.0
2024-07-12,BUY,57380.0,1.2132565513220088,0.5199999999999999,202902.52817267604,,,,,
2024-07-14,SELL,59226.0,1.2132565513220088,,204957.8565467014,57380.0,2239.6715937404283,3.217148832345762,"TIME_STOP_MAX (持倉2bars, 盈虧: +3.22%)",2.0
2024-07-14,BUY,59226.0,1.1641270633123615,0.5199999999999999,204957.8565467014,,,,,
2024-07-16,SELL,64734.02,1.1641270633123615,,211244.4294261913,59226.0,6412.035147265749,9.300003376895273,"TIME_STOP_MAX (持倉2bars, 盈虧: +9.30%)",2.0
2024-07-16,BUY,64734.02,1.4274155580402326,0.7,211244.4294261913,,,,,
2024-07-17,SELL,65009.23,1.4274155580402326,,211302.7992842605,64734.02,392.83903572826154,0.4251396715359457,"TIME_STOP_MIN_PROFIT (持倉1bars, 盈利不足: +0.43%)",1.0
2024-07-17,BUY,65009.23,1.2395959284075562,0.7,211302.7992842605,,,,,
2024-07-18,SELL,64148.0,1.2395959284075562,,209840.1167491658,65009.23,-1067.5772014224435,-1.3247811118513475,"TIME_STOP_MIN_PROFIT (持倉1bars, 盈利不足: -1.32%)",1.0
2024-07-18,BUY,64148.0,1.3814820672647778,0.7,209840.1167491658,,,,,
2024-07-19,SELL,64011.1,1.3814820672647778,,209434.31295812406,64148.0,-189.12489500855008,-0.21341273305481856,"TIME_STOP_MIN_PROFIT (持倉1bars, 盈利不足: -0.21%)",1.0
2024-08-05,BUY,58208.01,1.895526835010437,0.5199999999999999,213001.63121149788,,,,,
2024-08-06,SELL,54012.0,1.895526835010437,,212845.72373125763,58208.01,-7953.649554972148,-7.208647057337991,"TIME_STOP_MIN_PROFIT (持倉1bars, 盈利不足: -7.21%)",1.0
2024-08-06,BUY,54012.0,1.0594057925844826,0.5199999999999999,212845.72373125763,,,,,
2024-08-08,SELL,55089.99,1.0594057925844826,,215435.2373243836,54012.0,1142.0288503481443,1.9958342590535416,"TIME_STOP_MAX (持倉2bars, 盈虧: +2.00%)",2.0
2024-09-03,BUY,59142.0,1.9213794220663452,0.5199999999999999,219371.0845170807,,,,,
2024-09-04,SELL,57488.0,1.9213794220663452,,219205.84520686447,59142.0,-3177.961564097735,-2.796658888776171,"TIME_STOP_MIN_PROFIT (持倉1bars, 盈利不足: -2.80%)",1.0
2024-09-04,BUY,57488.0,0.97989641360627,0.5199999999999999,219205.84520686447,,,,,
2024-09-06,SELL,56182.0,0.97989641360627,,218170.87766240333,57488.0,-1279.7447161697887,-2.271778458112994,"TIME_STOP_MAX (持倉2bars, 盈虧: -2.27%)",2.0
2024-09-06,BUY,56182.0,1.503956761043485,0.5199999999999999,218170.87766240333,,,,,
2024-09-07,SELL,53941.11,1.503956761043485,,215803.57508436817,56182.0,-3370.201666254734,-3.9886262504004844,"TIME_STOP_MIN_PROFIT (持倉1bars, 盈利不足: -3.99%)",1.0
2024-09-07,BUY,53941.11,1.2933262145489612,0.5199999999999999,215803.57508436817,,,,,
2024-09-08,SELL,54185.0,1.2933262145489612,,215982.53511009127,53941.11,315.4293304663454,0.4521412332819885,"TIME_STOP_MIN_PROFIT (持倉1bars, 盈利不足: +0.45%)",1.0
2024-09-08,BUY,54185.0,1.3948157767375378,0.5199999999999999,215982.53511009127,,,,,
2024-09-10,SELL,57017.18,1.3948157767375378,,219655.24247319042,54185.0,3950.36934656052,5.226870905232084,"TIME_STOP_MAX (持倉2bars, 盈虧: +5.23%)",2.0
2024-09-10,BUY,57017.18,1.2730491437283833,0.5199999999999999,219655.24247319042,,,,,
2024-09-12,SELL,57359.88,1.2730491437283833,,219976.37837845855,57017.18,436.27394155571324,0.6010469125270701,"TIME_STOP_MAX (持倉2bars, 盈虧: +0.60%)",2.0
2024-09-12,BUY,57359.88,1.3271017287820264,0.5199999999999999,219976.37837845855,,,,,
2024-09-14,SELL,60522.34,1.3271017287820264,,223968.6764388252,57359.88,4196.9061332040055,5.5133657880734654,"TIME_STOP_MAX (持倉2bars, 盈虧: +5.51%)",2.0
2024-09-14,BUY,60522.34,1.2294695799361668,0.5199999999999999,223968.6764388252,,,,,
2024-09-15,SELL,59995.59,1.2294695799361668,,223112.83535835418,60522.34,-647.6231012313758,-0.870339778666851,"TIME_STOP_MIN_PROFIT (持倉1bars, 盈利不足: -0.87%)",1.0
2024-09-15,BUY,59995.59,1.2894838228431524,0.5199999999999999,223112.83535835418,,,,,
2024-09-16,SELL,59112.57,1.2894838228431524,,221822.68732713,59995.59,-1138.6400052469564,-1.4718081779010683,"TIME_STOP_MIN_PROFIT (持倉1bars, 盈利不足: -1.47%)",1.0
2024-09-16,BUY,59112.57,1.2758666391134963,0.5199999999999999,221822.68732713,,,,,
2024-09-17,SELL,58201.09,1.2758666391134963,,220460.6767502062,59112.57,-1162.9269242191738,-1.5419393878493226,"TIME_STOP_MIN_PROFIT (持倉1bars, 盈利不足: -1.54%)",1.0
2024-09-17,BUY,58201.09,1.3012401157340352,0.5199999999999999,220460.6767502062,,,,,
2024-09-20,SELL,62984.61,1.3012401157340352,,226361.50661017164,58201.09,6224.508118416077,8.218952600372265,TAKE_PROFIT,1.0
2024-10-01,BUY,63439.99,1.8497546386301056,0.5199999999999999,226541.3431991265,,,,,
2024-10-02,SELL,60829.16,1.8497546386301056,,226420.26976595563,63439.99,-4829.394903174629,-4.115432552873976,"TIME_STOP_MIN_PROFIT (持倉1bars, 盈利不足: -4.12%)",1.0
2024-10-02,BUY,60829.16,0.9699434765505073,0.5199999999999999,226420.26976595563,,,,,
2024-10-03,SELL,60666.0,0.9699434765505073,,225862.4003685976,60829.16,-158.25597763398414,-0.2682266202591044,"TIME_STOP_MIN_PROFIT (持倉1bars, 盈利不足: -0.27%)",1.0
2024-10-03,BUY,60666.0,1.4261078904107005,0.5199999999999999,225862.4003685976,,,,,
2024-10-04,SELL,60766.18,1.4261078904107005,,225780.836626724,60666.0,142.86748846134438,0.16513368278772145,"TIME_STOP_MIN_PROFIT (持倉1bars, 盈利不足: +0.17%)",1.0
2024-10-04,BUY,60766.18,1.1859400191152127,0.5199999999999999,225780.836626724,,,,,
2024-10-06,SELL,62079.96,1.1859400191152127,,227470.36638650473,60766.18,1558.0642783131827,2.1620249948244297,"TIME_STOP_MAX (持倉2bars, 盈虧: +2.16%)",2.0
2024-10-06,BUY,62079.96,1.2837134455722963,0.5199999999999999,227470.36638650473,,,,,
2024-10-08,SELL,62256.01,1.2837134455722963,,227435.56715937698,62079.96,225.99775209300648,0.2835858785991574,"TIME_STOP_MAX (持倉2bars, 盈虧: +0.28%)",2.0
2024-10-08,BUY,62256.01,1.2274099391903093,0.5199999999999999,227435.56715937698,,,,,
2024-10-09,SELL,62162.9,1.2274099391903093,,227145.92546955677,62256.01,-114.28413943801041,-0.1495598577550994,"TIME_STOP_MIN_PROFIT (持倉1bars, 盈利不足: -0.15%)",1.0
2024-10-09,BUY,62162.9,1.2569960577003914,0.5199999999999999,227145.92546955677,,,,,
2024-10-10,SELL,60684.01,1.2569960577003914,,225123.71794673614,62162.9,-1858.9588997725311,-2.3790556746869918,"TIME_STOP_MIN_PROFIT (持倉1bars, 盈利不足: -2.38%)",1.0
2024-10-10,BUY,60684.01,1.2705368864820505,0.5199999999999999,225123.71794673614,,,,,
2024-10-11,SELL,60308.0,1.2705368864820505,,224472.4302901944,60684.01,-477.73457468611844,-0.6196195669996185,"TIME_STOP_MIN_PROFIT (持倉1bars, 盈利不足: -0.62%)",1.0
2024-10-11,BUY,60308.0,1.2699098945652596,0.5199999999999999,224472.4302901944,,,,,
2024-10-13,SELL,63254.0,1.2699098945652596,,228015.38256567094,60308.0,3741.154549389255,4.8849240565099095,"TIME_STOP_MAX (持倉2bars, 盈虧: +4.88%)",2.0
2024-10-13,BUY,63254.0,1.2094514826750422,0.5199999999999999,228015.38256567094,,,,,
2024-10-14,SELL,62882.0,1.2094514826750422,,227324.65291133468,63254.0,-449.9159515551157,-0.5881051000727222,"TIME_STOP_MIN_PROFIT (持倉1bars, 盈利不足: -0.59%)",1.0
2024-10-14,BUY,62882.0,1.2461253941490578,0.5199999999999999,227324.65291133468,,,,,
2024-10-15,SELL,66089.97,1.2461253941490578,,231001.26593538647,62882.0,3997.532880668354,5.10157119684489,TAKE_PROFIT,1.0
2024-10-19,BUY,68437.34,1.7570909129721193,0.5199999999999999,232144.0699266088,,,,,
2024-10-20,SELL,68385.36,1.7570909129721193,,232023.89304349243,68437.34,-91.3335856562836,-0.07595268898528129,"TIME_STOP_MIN_PROFIT (持倉1bars, 盈利不足: -0.08%)",1.0
2024-10-20,BUY,68385.36,0.8473430859311357,0.5199999999999999,232023.89304349243,,,,,
2024-10-22,SELL,67374.01,0.8473430859311357,,231508.39699651796,68385.36,-856.960429956459,-1.4788984074954103,"TIME_STOP_MAX (持倉2bars, 盈虧: -1.48%)",2.0
2024-10-22,BUY,67374.01,1.3410111502033126,0.5199999999999999,231508.39699651796,,,,,
2024-10-23,SELL,67420.01,1.3410111502033126,,231346.51861093403,67374.01,61.68651290935238,0.068275585793387,"TIME_STOP_MIN_PROFIT (持倉1bars, 盈利不足: +0.07%)",1.0
2024-10-23,BUY,67420.01,1.082832920511754,0.5199999999999999,231346.51861093403,,,,,
2024-10-24,SELL,66690.76,1.082832920511754,,230168.6684719639,67420.01,-789.6559072831966,-1.081652168250935,"TIME_STOP_MIN_PROFIT (持倉1bars, 盈利不足: -1.08%)",1.0
2024-10-26,BUY,66759.01,1.79802982316204,0.5199999999999999,231727.20259608663,,,,,
2024-10-28,SELL,68061.06,1.79802982316204,,233301.95645610447,66759.01,2341.124731248139,1.9503734402292805,"TIME_STOP_MAX (持倉2bars, 盈虧: +1.95%)",2.0
2024-10-28,BUY,68061.06,0.8442381138948357,0.5199999999999999,233301.95645610447,,,,,
2024-10-30,SELL,72738.0,0.8442381138948357,,238791.4311237358,68061.06,3948.451004399315,6.87168257444124,"TIME_STOP_MAX (持倉2bars, 盈虧: +6.87%)",2.0
2024-10-30,BUY,72738.0,1.2632257953633748,0.5199999999999999,238791.4311237358,,,,,
2024-10-31,SELL,72382.37,1.2632257953633748,,238304.5955873546,72738.0,-449.24098960508286,-0.48891913442767887,"TIME_STOP_MIN_PROFIT (持倉1bars, 盈利不足: -0.49%)",1.0
2024-10-31,BUY,72382.37,1.0510612884468689,0.5199999999999999,238304.5955873546,,,,,
2024-11-01,SELL,70311.17,1.0510612884468689,,235456.9394206831,72382.37,-2176.9581406311518,-2.8614702723881447,"TIME_STOP_MIN_PROFIT (持倉1bars, 盈利不足: -2.86%)",1.0
2024-11-01,BUY,70311.17,1.1902204994302767,0.5199999999999999,235456.9394206831,,,,,
2024-11-02,SELL,69520.0,1.1902204994302767,,234432.98549499744,70311.17,-941.66675253425,-1.1252408401111746,"TIME_STOP_MIN_PROFIT (持倉1bars, 盈利不足: -1.13%)",1.0
2024-11-02,BUY,69520.0,1.1302478078545048,0.5199999999999999,234432.98549499744,,,,,
2024-11-03,SELL,69371.99,1.1302478078545048,,234079.4889442303,69520.0,-167.28797804053934,-0.212902761795164,"TIME_STOP_MIN_PROFIT (持倉1bars, 盈利不足: -0.21%)",1.0
2024-11-03,BUY,69371.99,1.1624009884663375,0.5199999999999999,234079.4889442303,,,,,
2024-11-04,SELL,68726.0,1.1624009884663375,,233151.24554563704,69371.99,-750.8994145393755,-0.931197158968633,"TIME_STOP_MIN_PROFIT (持倉1bars, 盈利不足: -0.93%)",1.0
2024-11-04,BUY,68726.0,1.155178403514989,0.5199999999999999,233151.24554563704,,,,,
2024-11-05,SELL,67833.5,1.155178403514989,,231917.27909850024,68726.0,-1030.9967251371277,-1.2986351599103663,"TIME_STOP_MIN_PROFIT (持倉1bars, 盈利不足: -1.30%)",1.0
2024-11-05,BUY,67833.5,1.1726179123792684,0.5199999999999999,231917.27909850024,,,,,
2024-11-07,SELL,75608.56,1.1726179123792684,,240801.281908656,67833.5,9117.174625823553,11.461976751899861,"TIME_STOP_MAX (持倉2bars, 盈虧: +11.46%)",2.0
2024-11-07,BUY,75608.56,1.0423318339080765,0.5199999999999999,240801.281908656,,,,,
2024-11-08,SELL,75917.99,1.0423318339080765,,240948.69938041118,75608.56,322.52873936618397,0.4092526031444166,"TIME_STOP_MIN_PROFIT (持倉1bars, 盈利不足: +0.41%)",1.0
2024-11-08,BUY,75917.99,1.104101756751144,0.5199999999999999,240948.69938041118,,,,,
2024-11-10,SELL,76677.47,1.104101756751144,,241565.56591787667,75917.99,838.5432022173543,1.0003952949755313,"TIME_STOP_MAX (持倉2bars, 盈虧: +1.00%)",2.0
2024-11-10,BUY,76677.47,1.3914904714461445,0.7,241565.56591787667,,,,,
2024-11-11,SELL,80334.72,1.3914904714461445,,245292.53241279212,76677.47,5089.028526696412,4.769653980497801,TAKE_PROFIT,1.0
2024-11-11,BUY,80334.72,1.578796294505952,1.0,245292.53241279212,,,,,
2024-11-12,SELL,88786.41,1.578796294505952,,256683.93024039303,80334.72,13343.496854313013,10.520594333309429,TAKE_PROFIT,1.0
2024-11-12,BUY,88786.41,0.8923170459120561,0.7,256683.93024039303,,,,,
2024-11-15,SELL,87374.99,0.8923170459120561,,256234.73491683707,88786.41,-1259.4341249411925,-1.589680222457468,"TIME_STOP_MAX (持倉2bars, 盈虧: -1.59%)",2.0
2024-11-17,BUY,90631.59,1.9462062330293788,0.7,259393.77259906344,,,,,
2024-11-18,SELL,89818.32,1.9462062330293788,,259129.97602141375,90631.59,-1582.7911431357825,-0.897336127502546,"TIME_STOP_MIN_PROFIT (持倉1bars, 盈利不足: -0.90%)",1.0
2024-11-18,BUY,89818.32,0.6384109747553366,0.7,259129.97602141375,,,,,
2024-11-21,SELL,94283.5,0.6384109747553366,,262488.05444431235,89818.32,2850.619916258029,4.971346602786597,"TIME_STOP_MAX (持倉2bars, 盈虧: +4.97%)",2.0
2024-11-25,BUY,97946.79,1.8397392732109583,0.7,264994.93565874465,,,,,
2024-11-26,SELL,92995.99,1.8397392732109583,,264712.38570475206,97946.79,-9108.18119381279,-5.054581165957551,"TIME_STOP_MIN_PROFIT (持倉1bars, 盈利不足: -5.05%)",1.0
2024-11-26,BUY,92995.99,0.6845921769575287,0.7,264712.38570475206,,,,,
2024-11-27,SELL,92047.99,0.6845921769575287,,262601.72937603504,92995.99,-648.9933837557372,-1.0193987934318471,"TIME_STOP_MIN_PROFIT (持倉1bars, 盈利不足: -1.02%)",1.0
2024-11-27,BUY,92047.99,1.4744346829497499,0.7,262601.72937603504,,,,,
2024-11-29,SELL,95691.99,1.4744346829497499,,264700.4566900287,92047.99,5372.839984668889,3.958804532287985,"TIME_STOP_MAX (持倉2bars, 盈虧: +3.96%)",2.0
2024-12-01,BUY,96376.0,1.8846514894462427,0.7,267110.54698069283,,,,,
2024-12-03,SELL,95830.01,1.8846514894462427,,264281.7108250783,96376.0,-1029.000866722764,-0.5665207105503445,"TIME_STOP_MAX (持倉2bars, 盈虧: -0.57%)",2.0
2024-12-03,BUY,95830.01,0.5937531158199021,0.7,264281.7108250783,,,,,
2024-12-04,SELL,95974.91,0.5937531158199021,,264127.1122368743,95830.01,86.034826482309,0.15120524353489095,"TIME_STOP_MIN_PROFIT (持倉1bars, 盈利不足: +0.15%)",1.0
2024-12-05,BUY,98620.16,1.831396630879675,0.7,265606.8070011978,,,,,
2024-12-06,SELL,96959.97,1.831396630879675,,265366.66160569375,98620.16,-3040.466372620132,-1.6834184815761821,"TIME_STOP_MIN_PROFIT (持倉1bars, 盈利不足: -1.68%)",1.0
2024-12-06,BUY,96959.97,0.6157206883201346,0.7,265366.66160569375,,,,,
2024-12-08,SELL,99880.0,0.6157206883201346,,270224.96035260195,96959.97,1797.922881515442,3.0115830275112554,"TIME_STOP_MAX (持倉2bars, 盈虧: +3.01%)",2.0
2025-01-07,BUY,102239.57,1.372606219265479,0.5199999999999999,270916.35065063386,,,,,
2025-01-08,SELL,96882.91,1.372606219265479,,270684.85428404005,102239.57,-7352.584830490626,-5.239321722499424,"TIME_STOP_MIN_PROFIT (持倉1bars, 盈利不足: -5.24%)",1.0
2025-01-08,BUY,96882.91,0.7362499184773271,0.5199999999999999,270684.85428404005,,,,,
2025-01-09,SELL,95031.64,0.7362499184773271,,267896.5805078239,96882.91,-1362.9973865795243,-1.9108323645522285,"TIME_STOP_MIN_PROFIT (持倉1bars, 盈利不足: -1.91%)",1.0
2025-01-09,BUY,95031.64,1.0788775552228669,0.5199999999999999,267896.5805078239,,,,,
2025-01-10,SELL,92582.9,1.0788775552228669,,265865.2483497305,95031.64,-2641.8906245764488,-2.5767628549817734,"TIME_STOP_MIN_PROFIT (持倉1bars, 盈利不足: -2.58%)",1.0
2025-01-10,BUY,92582.9,0.9286536845454703,0.5199999999999999,265865.2483497305,,,,,
2025-01-12,SELL,94624.04,0.9286536845454703,,267846.60965060245,92582.9,1895.5121816731407,2.204661984016476,"TIME_STOP_MAX (持倉2bars, 盈虧: +2.20%)",2.0
2025-01-12,BUY,94624.04,0.9852290048243202,0.5199999999999999,267846.60965060245,,,,,
2025-01-13,SELL,94587.41,0.9852290048243202,,267565.905502008,94624.04,-36.0889384467051,-0.03871109286814889,"TIME_STOP_MIN_PROFIT (持倉1bars, 盈利不足: -0.04%)",1.0
2025-01-13,BUY,94587.41,0.9549535658246415,0.5199999999999999,267565.905502008,,,,,
2025-01-14,SELL,94510.83,0.9549535658246415,,267257.11350232124,94587.41,-73.13034407085271,-0.08096214919088851,"TIME_STOP_MIN_PROFIT (持倉1bars, 盈利不足: -0.08%)",1.0
2025-01-14,BUY,94510.83,0.9701311009681461,0.5199999999999999,267257.11350232124,,,,,
2025-01-16,SELL,100549.99,0.9701311009681461,,272854.56731947005,94510.83,5858.776939722793,6.389913198307551,"TIME_STOP_MAX (持倉2bars, 盈虧: +6.39%)",2.0
2025-04-02,BUY,85161.2,1.6556209602183327,0.5199999999999999,272190.4782188137,,,,,
2025-04-03,SELL,82521.01,1.6556209602183327,,271993.3174740233,85161.2,-4371.153902958844,-3.100226394179517,"TIME_STOP_MIN_PROFIT (持倉1bars, 盈利不足: -3.10%)",1.0
2025-04-06,BUY,83516.01,1.6929134252562472,0.5199999999999999,272944.7385189865,,,,,
2025-04-07,SELL,78347.82,1.6929134252562472,,272628.77992895036,83516.01,-8749.298235275064,-6.188262585820359,"TIME_STOP_MIN_PROFIT (持倉1bars, 盈利不足: -6.19%)",1.0
2025-04-07,BUY,78347.82,0.9255678137655936,0.5199999999999999,272628.77992895036,,,,,
2025-04-09,SELL,76440.0,0.9255678137655936,,271202.5883453022,78347.82,-1765.8167864582813,-2.4350645621026956,"TIME_STOP_MAX (持倉2bars, 盈虧: -2.44%)",2.0
2025-04-09,BUY,76440.0,1.3583756103405178,0.5199999999999999,271202.5883453022,,,,,
2025-04-10,SELL,82662.26,1.3583756103405178,,276699.02059800347,76440.0,8452.166225197383,8.140057561486124,TAKE_PROFIT,1.0
2025-04-10,BUY,82662.26,1.030285629356362,0.5199999999999999,276699.02059800347,,,,,
2025-04-11,SELL,79608.7,1.030285629356362,,272276.62022941955,82662.26,-3146.0389863774103,-3.6940194957166606,"TIME_STOP_MIN_PROFIT (持倉1bars, 盈利不足: -3.69%)",1.0
2025-04-11,BUY,79608.7,1.2379687759691722,0.5199999999999999,272276.62022941955,,,,,
2025-04-12,SELL,83471.96,1.2379687759691722,,276025.96112342237,79608.7,4782.595253450676,4.852811313336369,TAKE_PROFIT,1.0
2025-04-12,BUY,83471.96,1.4068124321346083,0.7,276025.96112342237,,,,,
2025-04-14,SELL,83721.8,1.4068124321346083,,275787.08935502026,83471.96,351.47801804450563,0.29931009167629696,"TIME_STOP_MAX (持倉2bars, 盈虧: +0.30%)",2.0
2025-04-14,BUY,83721.8,1.283348300998622,0.7,275787.08935502026,,,,,
2025-04-16,SELL,83614.58,1.283348300998622,,275474.97592483077,83721.8,-137.60060483307373,-0.1280670028594666,"TIME_STOP_MAX (持倉2bars, 盈虧: -0.13%)",2.0
2025-04-16,BUY,83614.58,1.0418183481031036,0.5199999999999999,275474.97592483077,,,,,
2025-04-17,SELL,83981.61,1.0418183481031036,,275708.52139928006,83614.58,382.3785883042809,0.43895454596554195,"TIME_STOP_MIN_PROFIT (持倉1bars, 盈利不足: +0.44%)",1.0
2025-04-17,BUY,83981.61,1.160912948734672,0.5199999999999999,275708.52139928006,,,,,
2025-04-19,SELL,84460.55,1.160912948734672,,275925.0395641774,83981.61,556.0076476669866,0.5702915197743907,"TIME_STOP_MAX (持倉2bars, 盈虧: +0.57%)",2.0
2025-04-19,BUY,84460.55,1.090906620752259,0.5199999999999999,275925.0395641774,,,,,
2025-04-21,SELL,85211.95,1.090906620752259,,276594.46775058564,84460.55,819.7072348332412,0.8896461128893751,"TIME_STOP_MAX (持倉2bars, 盈虧: +0.89%)",2.0
2025-04-21,BUY,85211.95,1.1163169606621879,0.5199999999999999,276594.46775058564,,,,,
2025-04-23,SELL,93648.0,1.1163169606621879,,285715.7999475491,85211.95,9417.305695994253,9.900078568792292,"TIME_STOP_MAX (持倉2bars, 盈虧: +9.90%)",2.0
2025-04-27,BUY,94660.27,1.5631171228893022,0.5199999999999999,285646.8897573833,,,,,
2025-04-28,SELL,93728.16,1.5631171228893022,,285396.00184677925,94660.27,-1456.9971014163484,-0.9846897753408079,"TIME_STOP_MIN_PROFIT (持倉1bars, 盈利不足: -0.98%)",1.0
2025-04-28,BUY,93728.16,0.7675808146442349,0.5199999999999999,285396.00184677925,,,,,
2025-04-30,SELL,94245.34,0.7675808146442349,,286525.04818364186,93728.16,396.97744571770005,0.5517872110153421,"TIME_STOP_MAX (持倉2bars, 盈虧: +0.55%)",2.0
2025-04-30,BUY,94245.34,1.1772187469953403,0.5199999999999999,286525.04818364186,,,,,
2025-05-01,SELL,94147.3,1.1772187469953403,,286217.63117324025,94245.34,-115.41452595541563,-0.10402636353160633,"TIME_STOP_MIN_PROFIT (持倉1bars, 盈利不足: -0.10%)",1.0
2025-05-01,BUY,94147.3,0.9649748243501336,0.5199999999999999,286217.63117324025,,,,,
2025-05-03,SELL,96899.99,0.9649748243501336,,289117.80857487535,94147.3,2656.2765492403714,2.923811941500176,"TIME_STOP_MAX (持倉2bars, 盈虧: +2.92%)",2.0
2025-05-03,BUY,96899.99,1.0456852525161202,0.5199999999999999,289117.80857487535,,,,,
2025-05-04,SELL,95827.37,1.0456852525161202,,287859.6638378101,96899.99,-1121.6229155538513,-1.1069350987549242,"TIME_STOP_MIN_PROFIT (持倉1bars, 盈利不足: -1.11%)",1.0
2025-05-04,BUY,95827.37,1.0143759267633816,0.5199999999999999,287859.6638378101,,,,,
2025-05-05,SELL,94260.05,1.0143759267633816,,285977.81936040096,95827.37,-1589.8516775347755,-1.635566122705856,"TIME_STOP_MIN_PROFIT (持倉1bars, 盈利不足: -1.64%)",1.0
2025-05-05,BUY,94260.05,1.04612585480882,0.5199999999999999,285977.81936040096,,,,,
2025-05-07,SELL,96892.9,1.04612585480882,,288494.30314414843,94260.05,2754.2924568333924,2.7931769609712553,"TIME_STOP_MAX (持倉2bars, 盈虧: +2.79%)",2.0
2025-05-07,BUY,96892.9,1.0004287836249386,0.5199999999999999,288494.30314414843,,,,,
2025-05-08,SELL,97086.11,1.0004287836249386,,288446.71064718836,96892.9,193.2928452841808,0.19940573561119113,"TIME_STOP_MIN_PROFIT (持倉1bars, 盈利不足: +0.20%)",1.0
2025-05-11,BUY,104676.44,1.4572088507896672,0.5199999999999999,294469.95142307645,,,,,
2025-05-12,SELL,104096.4,1.4572088507896672,,294273.52393961186,104676.44,-845.2394218120504,-0.5541266019364111,"TIME_STOP_MIN_PROFIT (持倉1bars, 盈利不足: -0.55%)",1.0
2025-05-12,BUY,104096.4,0.7095169878648258,0.5199999999999999,294273.52393961186,,,,,
2025-05-13,SELL,102781.93,0.7095169878648258,,292112.4802578648,104096.4,-932.6387950386784,-1.2627429959153225,"TIME_STOP_MIN_PROFIT (持倉1bars, 盈利不足: -1.26%)",1.0
2025-05-15,BUY,103507.83,1.4660020337505475,0.5199999999999999,292939.5546121737,,,,,
2025-05-16,SELL,103723.22,1.4660020337505475,,292707.4311046742,103507.83,315.76217804952955,0.20809053769168528,"TIME_STOP_MIN_PROFIT (持倉1bars, 盈利不足: +0.21%)",1.0
2025-05-16,BUY,103723.22,0.7024094648453324,0.5199999999999999,292707.4311046742,,,,,
2025-05-17,SELL,103437.49,0.7024094648453324,,292045.66443978914,103723.22,-200.69945639025397,-0.27547351499499495,"TIME_STOP_MIN_PROFIT (持倉1bars, 盈利不足: -0.28%)",1.0
2025-05-17,BUY,103437.49,1.098674375083573,0.5199999999999999,292045.66443978914,,,,,
2025-05-18,SELL,103105.33,1.098674375083573,,291579.1735657274,103437.49,-364.93568042776343,-0.32112148119604056,"TIME_STOP_MIN_PROFIT (持倉1bars, 盈利不足: -0.32%)",1.0
2025-06-05,BUY,104711.81,1.4598531888249018,0.5199999999999999,295103.9956295893,,,,,
2025-06-06,SELL,101489.73,1.4598531888249018,,294911.6161909645,104711.81,-4703.763762648942,-3.0770932142229257,"TIME_STOP_MIN_PROFIT (持倉1bars, 盈利不足: -3.08%)",1.0
2025-06-19,BUY,104924.27,1.4753663939140071,0.5199999999999999,298845.0615134357,,,,,
2025-06-20,SELL,104649.81,1.4753663939140071,,298656.03276135295,104924.27,-404.92906047364784,-0.26157913702902214,"TIME_STOP_MIN_PROFIT (持倉1bars, 盈利不足: -0.26%)",1.0
2025-06-20,BUY,104649.81,0.7140603116066344,0.5199999999999999,298656.03276135295,,,,,
2025-06-21,SELL,103250.01,0.7140603116066344,,296330.46167954826,104649.81,-999.5416241869689,-1.337603957427158,"TIME_STOP_MIN_PROFIT (持倉1bars, 盈利不足: -1.34%)",1.0
2025-06-21,BUY,103250.01,1.116791473195597,0.5199999999999999,296330.46167954826,,,,,
2025-06-22,SELL,102279.12,1.116791473195597,,295457.2080299047,103250.01,-1084.2816734108726,-0.9403292067477809,"TIME_STOP_MIN_PROFIT (持倉1bars, 盈利不足: -0.94%)",1.0
2025-06-22,BUY,102279.12,0.9178664142268813,0.5199999999999999,295457.2080299047,,,,,
2025-06-23,SELL,100864.0,0.9178664142268813,,293634.93237479124,102279.12,-1298.89112010074,-1.3835864055146252,"TIME_STOP_MIN_PROFIT (持倉1bars, 盈利不足: -1.38%)",1.0
2025-06-23,BUY,100864.0,1.0325450285906699,0.5199999999999999,293634.93237479124,,,,,
2025-06-25,SELL,106076.01,1.0325450285906699,,298220.8888633774,100864.0,5381.635014464852,5.167363975253791,"TIME_STOP_MAX (持倉2bars, 盈虧: +5.17%)",2.0
2025-06-30,BUY,108321.65,1.4318224862733486,0.5199999999999999,299415.78034793725,,,,,
2025-07-01,SELL,107126.37,1.4318224862733486,,299233.52866072,108321.65,-1711.4287813928065,-1.1034543879270609,"TIME_STOP_MIN_PROFIT (持倉1bars, 盈利不足: -1.10%)",1.0
2025-07-01,BUY,107126.37,0.7052329702661867,0.5199999999999999,299233.52866072,,,,,
2025-07-02,SELL,105697.81,0.7052329702661867,,296884.22459365946,107126.37,-1007.467612003462,-1.3335278699352915,"TIME_STOP_MIN_PROFIT (持倉1bars, 盈利不足: -1.33%)",1.0
2025-07-02,BUY,105697.81,1.0896487793087226,0.5199999999999999,296884.22459365946,,,,,
2025-07-04,SELL,109589.98,1.0896487793087226,,299663.3725576978,105697.81,4241.098289362029,3.682356332643022,"TIME_STOP_MAX (持倉2bars, 盈虧: +3.68%)",2.0
2025-07-04,BUY,109589.98,0.8519836433621703,0.5199999999999999,299663.3725576978,,,,,
2025-07-05,SELL,107989.94,0.8519836433621703,,297704.00936898234,109589.98,-1363.2079087252014,-1.4600239912444524,"TIME_STOP_MIN_PROFIT (持倉1bars, 盈利不足: -1.46%)",1.0
2025-07-05,BUY,107989.94,0.9866821267222098,0.5199999999999999,297704.00936898234,,,,,
2025-07-06,SELL,108209.15,0.9866821267222098,,297682.40587311744,107989.94,216.29058899876756,0.2029911304701093,"TIME_STOP_MIN_PROFIT (持倉1bars, 盈利不足: +0.20%)",1.0
2025-07-06,BUY,108209.15,0.9139120351589777,0.5199999999999999,297682.40587311744,,,,,
2025-07-08,SELL,108250.26,0.9139120351589777,,297518.44135981187,108209.15,37.570923765386105,0.037991241960599886,"TIME_STOP_MAX (持倉2bars, 盈虧: +0.04%)",2.0
2025-07-08,BUY,108250.26,0.9502811636223572,0.5199999999999999,297518.44135981187,,,,,
2025-07-10,SELL,111282.61,0.9502811636223572,,300150.0481533038,108250.26,2881.58508651026,2.8012403850115497,"TIME_STOP_MAX (持倉2bars, 盈虧: +2.80%)",2.0
2025-07-31,BUY,117830.73,1.3450987795473113,0.5199999999999999,305972.91721268103,,,,,
2025-08-01,SELL,115729.0,1.3450987795473113,,305770.0170247711,117830.73,-2827.034457937965,-1.7836858008093426,"TIME_STOP_MIN_PROFIT (持倉1bars, 盈利不足: -1.78%)",1.0
2025-08-01,BUY,115729.0,0.6718574914659927,0.5199999999999999,305770.0170247711,,,,,
2025-08-02,SELL,113325.3,0.6718574914659927,,302185.88110281684,115729.0,-1614.9438522368048,-2.0770074916399484,"TIME_STOP_MIN_PROFIT (持倉1bars, 盈利不足: -2.08%)",1.0
2025-08-02,BUY,113325.3,1.0332429597843218,0.5199999999999999,302185.88110281684,,,,,
2025-08-03,SELL,112533.56,1.0332429597843218,,301409.7902598262,113325.3,-818.0597809796443,-0.6986436391520745,"TIME_STOP_MIN_PROFIT (持倉1bars, 盈利不足: -0.70%)",1.0
2025-08-03,BUY,112533.56,0.8521909010510844,0.5199999999999999,301409.7902598262,,,,,
2025-08-05,SELL,115039.83,0.8521909010510844,,303584.86221291416,112533.56,2135.8204895773047,2.227131177579378,"TIME_STOP_MAX (持倉2bars, 盈虧: +2.23%)",2.0
2025-08-05,BUY,115039.83,0.9255434774124527,0.5199999999999999,303584.86221291416,,,,,
2025-08-06,SELL,114129.76,0.9255434774124527,,302597.4952962688,115039.83,-842.3093524887573,-0.7910912246654078,"TIME_STOP_MIN_PROFIT (持倉1bars, 盈利不足: -0.79%)",1.0
2025-08-29,BUY,112467.97,1.3967222359722797,0.5199999999999999,303255.8195630566,,,,,
2025-08-30,SELL,108311.73,1.3967222359722797,,302985.8098994179,112467.97,-5805.112826037435,-3.695487701965283,"TIME_STOP_MIN_PROFIT (持倉1bars, 盈利不足: -3.70%)",1.0
2025-08-30,BUY,108311.73,0.7255251434295091,0.5199999999999999,302985.8098994179,,,,,
2025-08-31,SELL,108816.35,0.7255251434295091,,303435.22241900297,108311.73,366.11449787740605,0.4658959837498866,"TIME_STOP_MIN_PROFIT (持倉1bars, 盈利不足: +0.47%)",1.0
2025-08-31,BUY,108816.35,1.0686249288777707,0.5199999999999999,303435.22241900297,,,,,
2025-09-01,SELL,108260.0,1.0686249288777707,,302801.5802054617,108816.35,-594.529479181154,-0.5112742708241913,"TIME_STOP_MIN_PROFIT (持倉1bars, 盈利不足: -0.51%)",1.0
2025-09-01,BUY,108260.0,0.895290440789487,0.5199999999999999,302801.5802054617,,,,,
2025-09-09,SELL,112072.21,0.895290440789487,,306384.6060354611,108260.0,3413.035171282096,3.521346757805288,"TIME_STOP_MAX (持倉2bars, 盈虧: +3.52%)",2.0
2025-09-09,BUY,112072.21,0.9523553392188137,0.5199999999999999,306384.6060354611,,,,,
2025-09-10,SELL,111547.4,0.9523553392188137,,305678.1944214802,112072.21,-499.80560557543726,-0.46827844297887555,"TIME_STOP_MIN_PROFIT (持倉1bars, 盈利不足: -0.47%)",1.0
2025-09-21,BUY,115685.63,1.3784613379620079,0.5199999999999999,307853.6067814244,,,,,
2025-09-22,SELL,115206.99,1.3784613379620079,,307659.8884529241,115685.63,-659.7867348021347,-0.4137419660505848,"TIME_STOP_MIN_PROFIT (持倉1bars, 盈利不足: -0.41%)",1.0
2025-09-22,BUY,115206.99,0.6692743258132452,0.5199999999999999,307659.8884529241,,,,,
2025-09-23,SELL,112546.6,0.6692743258132452,,303758.4314017571,115206.99,-1780.530723650299,-2.309226202333725,"TIME_STOP_MIN_PROFIT (持倉1bars, 盈利不足: -2.31%)",1.0
2025-09-23,BUY,112546.6,1.0513756137479708,0.5199999999999999,303758.4314017571,,,,,
2025-09-24,SELL,111953.4,1.0513756137479708,,303117.4096133398,112546.6,-623.6760140753086,-0.527070564548382,"TIME_STOP_MIN_PROFIT (持倉1bars, 盈利不足: -0.53%)",1.0
2025-09-24,BUY,111953.4,0.8578889923680107,0.5199999999999999,303117.4096133398,,,,,
2025-09-26,SELL,108968.82,0.8578889923680107,,300567.1803322931,111953.4,-2560.4383288417066,-2.665912781568036,"TIME_STOP_MAX (持倉2bars, 盈虧: -2.67%)",2.0
2025-09-26,BUY,108968.82,0.9844056960151928,0.5199999999999999,300567.1803322931,,,,,
2025-09-28,SELL,109647.48,0.9844056960151928,,300918.2207516073,108968.82,668.0767696576598,0.6228020088682173,"TIME_STOP_MAX (持倉2bars, 盈虧: +0.62%)",2.0
2025-09-28,BUY,109647.48,0.9116849702965707,0.5199999999999999,300918.2207516073,,,,,
2025-09-30,SELL,114262.4,0.9116849702965707,,305033.09761401446,109647.48,4207.353203121049,4.20887009897537,"TIME_STOP_MAX (持倉2bars, 盈虧: +4.21%)",2.0
2025-10-16,BUY,110814.49,1.4244750197156322,0.5199999999999999,304734.50352804584,,,,,
2025-10-18,SELL,106437.5,1.4244750197156322,,304571.0224843386,110814.49,-6234.912916545132,-3.9498354411954706,"TIME_STOP_MIN_PROFIT (持倉1bars, 盈利不足: -3.95%)",1.0
2025-10-18,BUY,106437.5,0.744379505465634,0.5199999999999999,304571.0224843386,,,,,
2025-10-20,SELL,108597.74,0.744379505465634,,306405.8079216897,106437.5,1608.0383828870852,2.0295854374632993,"TIME_STOP_MAX (持倉2bars, 盈虧: +2.03%)",2.0
2025-10-22,BUY,108259.94,1.4724483007234657,0.5199999999999999,307735.839168773,,,,,
2025-10-23,SELL,107528.14,1.4724483007234657,,307503.71032984636,108259.94,-1077.5376664694365,-0.6759656434319083,"TIME_STOP_MIN_PROFIT (持倉1bars, 盈利不足: -0.68%)",1.0
