datetime,portfolio_value,cash,price
2023-01-01,100000.0,100000.0,16543.67
2023-01-02,99946.14126587388,47905.265208747514,16620.6
2023-01-03,99993.91043229893,75111.51337387833,16665.79
2023-01-04,99937.81725046711,61006.637398788866,16675.82
2023-01-05,100266.30790287079,68321.08952045623,16857.23
2023-01-06,100215.5964844519,68321.08952045623,16830.47
2023-01-07,100367.24247905574,64720.44530167305,16952.44
2023-01-08,100356.91796092497,64720.44530167305,16947.53
2023-01-09,100653.75120497259,66758.38453492378,17134.66
2023-01-10,100748.01127326854,66758.38453492378,17182.31
2023-01-11,101179.7790129708,66078.19982466103,17441.05
2023-01-12,102190.72011124642,66078.19982466103,17943.36
2023-01-13,103935.23096652524,67958.40154789611,18859.87
2023-01-14,105775.41078759138,49263.06572982511,19902.73
2023-01-15,108650.86011987031,67754.56826913715,20967.61
2023-01-16,108355.08901516054,73430.26209376457,20864.83
2023-01-17,108785.49898557688,70172.76958038229,21180.71
2023-01-18,108724.90200249988,70172.76958038229,21147.47
2023-01-19,107826.12599537484,72216.59965360948,20716.97
2023-01-21,111098.44457465608,70135.82092288573,22685.44
2023-01-23,111075.88145934475,111075.88145934475,22697.89
2023-01-25,110954.26929073644,53641.17625686755,22609.44
2023-01-26,112033.21149202448,112033.21149202448,23067.7
2023-01-27,112033.21149202448,112033.21149202448,23025.32
2023-01-28,112033.21149202448,112033.21149202448,23062.61
2023-01-29,112033.21149202448,112033.21149202448,23027.54
2023-01-30,112033.21149202448,112033.21149202448,23736.5
2023-01-31,112033.21149202448,112033.21149202448,22822.1
2023-02-01,112033.21149202448,112033.21149202448,23133.74
2023-02-02,112033.21149202448,112033.21149202448,23737.43
2023-02-03,112033.21149202448,112033.21149202448,23545.29
2023-02-04,112033.21149202448,112033.21149202448,23424.69
2023-02-05,112033.21149202448,112033.21149202448,23316.76
2023-02-06,111961.9598875555,54886.38747207476,22932.0
2023-02-07,111408.19394062142,83203.56952717817,22749.29
2023-02-08,111948.29857533978,67886.9724529124,23257.0
2023-02-09,111406.11900318015,67886.9724529124,22970.82
2023-02-10,109082.88382684253,75703.88655876655,21803.87
2023-02-11,108725.0214124512,69825.29238985873,21628.79
2023-02-12,109025.46738677449,72474.91906480024,21856.65
2023-02-13,108897.13623455178,72474.91906480024,21779.91
2023-02-14,108788.15491987238,71260.16051679828,21771.78
2023-02-15,109406.12642712425,71790.70481241024,22186.22
2023-02-16,113051.27318979886,71790.70481241024,24336.19
2023-02-17,111603.81637902425,111603.81637902425,23471.26
2023-02-18,111603.81637902425,111603.81637902425,24557.55
2023-02-19,111603.81637902425,111603.81637902425,24623.16
2023-02-20,111603.81637902425,111603.81637902425,24310.99
2023-02-21,111603.81637902425,111603.81637902425,24832.08
2023-02-22,111603.81637902425,111603.81637902425,24439.61
2023-02-23,111603.81637902425,111603.81637902425,24188.75
2023-02-24,111603.81637902425,111603.81637902425,23935.71
2023-02-25,111603.81637902425,111603.81637902425,23179.84
2023-02-26,111603.81637902425,111603.81637902425,23153.13
2023-02-27,111603.81637902425,111603.81637902425,23550.9
2023-02-28,111603.81637902425,111603.81637902425,23479.8
2023-03-01,111603.81637902425,111603.81637902425,23143.73
2023-03-02,111603.81637902425,111603.81637902425,23630.74
2023-03-03,111603.81637902425,111603.81637902425,23468.77
2023-03-04,111509.0601655852,56476.400505551384,22340.97
2023-03-05,111415.5883328626,82159.68672888585,22341.83
2023-03-06,111436.56739564863,68716.02930573843,22426.78
2023-03-07,111320.88647543202,75740.91847696826,22417.37
2023-03-08,110878.04257612096,72027.70501863495,22198.27
2023-03-09,109925.31009224849,73424.32045620757,21716.73
2023-03-10,107547.8720320971,71890.37093385698,20359.9
2023-03-11,107081.45398340988,70224.84187190332,20150.72
2023-03-12,107522.35663187892,70611.5797420922,20446.7
2023-03-13,110429.86084363237,70611.5797420922,22057.31
2023-03-14,114079.56884763823,61522.31052824571,24143.51
2023-03-15,115142.6155298072,72355.30409769561,24693.0
2023-03-16,114389.70925311474,72355.30409769561,24258.49
2023-03-27,120663.51041515227,63958.00900493857,27958.23
2023-03-28,118867.61061998058,76672.9636554488,27124.59
2023-04-03,120377.32040196835,66236.84078719675,28166.58
2023-04-05,120373.16855123008,66236.84078719675,28164.42
2023-04-06,120274.12482848152,75207.88540727655,28180.17
2023-04-07,119944.20777833431,69068.42347917611,28033.83
2023-04-08,119624.81897152177,84010.8088396936,27905.77
2023-04-09,119569.01260068227,76001.55806714008,27937.74
2023-04-10,120126.8057304826,120126.8057304826,28324.26
2023-04-11,120126.8057304826,120126.8057304826,29657.81
2023-04-12,120126.8057304826,120126.8057304826,30215.37
2023-04-13,120126.8057304826,120126.8057304826,29889.73
2023-04-14,120126.8057304826,120126.8057304826,30379.01
2023-04-15,120126.8057304826,120126.8057304826,30470.0
2023-04-16,120126.8057304826,120126.8057304826,30290.65
2023-04-17,120126.8057304826,120126.8057304826,30305.25
2023-04-18,120126.8057304826,120126.8057304826,29430.01
2023-04-19,120126.8057304826,120126.8057304826,30371.69
2023-04-20,120126.8057304826,120126.8057304826,28798.48
2023-04-21,120044.92785559615,59038.93029283858,28234.0
2023-04-22,117832.74359020789,79064.33840569029,27264.84
2023-04-23,118488.50835950178,63651.23192913429,27809.25
2023-04-24,118040.70782174646,63651.23192913429,27582.16
2023-04-25,117811.445520998,84920.40148422837,27514.99
2023-04-26,118661.86847963423,59232.77034363242,28317.02
2023-04-27,118816.83692639743,59232.77034363242,28390.86
2023-04-28,121025.59319466476,121025.59319466476,29491.82
2023-04-29,121025.59319466476,121025.59319466476,29315.72
2023-04-30,121025.59319466476,121025.59319466476,29230.46
2023-05-01,121025.59319466476,121025.59319466476,29252.66
2023-05-02,121025.59319466476,121025.59319466476,28047.61
2023-05-03,121025.59319466476,121025.59319466476,28667.54
2023-05-04,121025.59319466476,121025.59319466476,29028.02
2023-05-05,121025.59319466476,121025.59319466476,28842.28
2023-05-06,121025.59319466476,121025.59319466476,29483.08
2023-05-07,121025.59319466476,121025.59319466476,28856.06
2023-05-08,121025.59319466476,121025.59319466476,28391.15
2023-05-09,121025.59319466476,121025.59319466476,27657.89
2023-05-10,121025.59319466476,121025.59319466476,27627.64
2023-05-16,121025.59319466476,121025.59319466476,27174.27
2023-05-17,121025.59319466476,121025.59319466476,27036.43
2023-05-18,121025.59319466476,121025.59319466476,27414.46
2023-05-19,120964.2156097969,59609.52156252089,26829.99
2023-05-20,120945.41795434627,90020.46573937304,26871.02
2023-05-21,121180.53716080492,121180.53716080492,27105.36
2023-05-22,121180.53716080492,121180.53716080492,26744.12
2023-05-23,121180.53716080492,121180.53716080492,26851.08
2023-05-24,121180.53716080492,121180.53716080492,27217.04
2023-05-25,121116.51568004151,60396.38709773333,26327.58
2023-05-26,121361.20127066987,89895.39222012844,26479.46
2023-05-27,121639.19452919115,89895.39222012844,26713.4
2023-05-28,121770.92926488043,121770.92926488043,26864.35
2023-05-29,121770.92926488043,121770.92926488043,28093.25
2023-05-30,121770.92926488043,121770.92926488043,27742.94
2023-05-31,121770.92926488043,121770.92926488043,27686.94
2023-06-01,121770.92926488043,121770.92926488043,27215.53
2023-06-02,121770.92926488043,121770.92926488043,26824.34
2023-06-03,121770.92926488043,121770.92926488043,27238.78
2023-06-04,121770.92926488043,121770.92926488043,27062.22
2023-06-05,121770.92926488043,121770.92926488043,27100.01
2023-06-06,121770.92926488043,121770.92926488043,25736.21
2023-06-07,121770.92926488043,121770.92926488043,27235.19
2023-06-08,121770.92926488043,121770.92926488043,26339.33
2023-06-09,121770.92926488043,121770.92926488043,26496.08
2023-06-10,121770.92926488043,121770.92926488043,26481.27
2023-06-11,121633.58541759622,60135.67448255074,25818.19
2023-06-12,121783.05226453715,90494.98778201615,25932.39
2023-06-13,121665.18561905119,74837.62435806451,25905.37
2023-06-14,121613.50594947091,82805.25225271824,25933.68
2023-06-15,120274.03482594533,78749.23052322984,25106.38
2023-06-16,120933.23068296813,79391.21652440788,25567.93
2023-06-17,122223.55829119307,79391.21652440788,26362.09
2023-06-18,122390.75875880377,81013.93588833573,26523.74
2023-06-19,122089.57109855671,81013.93588833573,26330.67
2023-06-20,122753.4149648925,79990.22385789434,26831.35
2023-07-03,128793.98953958345,79990.22385789434,30621.45
2023-07-04,129596.58988229524,129596.58988229524,31156.46
2023-07-05,129596.58988229524,129596.58988229524,30764.0
2023-07-07,129596.58988229524,129596.58988229524,29902.7
2023-07-08,129596.58988229524,129596.58988229524,30328.9
2023-07-09,129596.58988229524,129596.58988229524,30290.0
2023-07-10,129596.58988229524,129596.58988229524,30166.46
2023-07-11,129596.58988229524,129596.58988229524,30416.98
2023-07-12,129596.58988229524,129596.58988229524,30629.86
2023-07-13,129596.58988229524,129596.58988229524,30378.48
2023-07-14,129596.58988229524,129596.58988229524,31455.83
2023-07-15,129596.58988229524,129596.58988229524,30294.5
2023-07-16,129596.58988229524,129596.58988229524,30289.53
2023-07-17,129596.58988229524,129596.58988229524,30221.03
2023-07-18,129596.58988229524,129596.58988229524,30143.52
2023-07-19,129596.58988229524,129596.58988229524,29857.65
2023-07-20,129596.58988229524,129596.58988229524,29912.96
2023-07-21,129596.58988229524,129596.58988229524,29806.78
2023-07-22,129596.58988229524,129596.58988229524,29901.71
2023-07-23,129596.58988229524,129596.58988229524,29808.35
2023-07-28,129596.58988229524,129596.58988229524,29220.01
2023-07-29,129596.58988229524,129596.58988229524,29310.84
2023-07-30,129596.58988229524,129596.58988229524,29352.91
2023-07-31,129596.58988229524,129596.58988229524,29279.5
2023-08-01,129596.58988229524,129596.58988229524,29230.0
2023-08-02,129596.58988229524,129596.58988229524,29744.0
2023-08-03,129596.58988229524,129596.58988229524,29175.29
2023-08-04,129596.58988229524,129596.58988229524,29184.99
2023-08-05,129596.58988229524,129596.58988229524,29114.0
2023-08-06,129596.58988229524,129596.58988229524,29072.13
2023-08-07,129596.58988229524,129596.58988229524,29086.68
2023-08-08,129596.58988229524,129596.58988229524,29213.99
2023-08-09,129596.58988229524,129596.58988229524,29781.99
2023-08-10,129596.58988229524,129596.58988229524,29584.61
2023-08-11,129596.58988229524,129596.58988229524,29455.52
2023-08-12,129596.58988229524,129596.58988229524,29426.03
2023-08-13,129596.58988229524,129596.58988229524,29430.17
2023-08-14,129596.58988229524,129596.58988229524,29295.06
2023-08-15,129596.58988229524,129596.58988229524,29423.25
2023-08-16,129596.58988229524,129596.58988229524,29196.42
2023-08-17,129596.58988229524,129596.58988229524,28721.77
2023-08-18,129596.58988229524,129596.58988229524,26602.01
2023-08-19,129596.58988229524,129596.58988229524,26050.27
2023-08-20,129502.04044796726,62270.11810875159,26089.42
2023-08-21,129656.21721009711,97277.61200464079,26188.65
2023-08-22,129547.5944087214,129547.5944087214,26131.98
2023-08-23,129547.5944087214,129547.5944087214,26052.0
2023-08-24,129547.5944087214,129547.5944087214,26432.96
2023-08-25,129547.5944087214,129547.5944087214,26180.0
2023-08-26,129547.5944087214,129547.5944087214,26066.0
2023-08-27,129547.5944087214,129547.5944087214,26011.66
2023-08-28,129547.5944087214,129547.5944087214,26101.77
2023-08-29,129547.5944087214,129547.5944087214,26124.14
2023-08-30,129547.5944087214,129547.5944087214,27712.0
2023-09-07,129547.5944087214,129547.5944087214,25762.32
2023-09-11,129547.5944087214,129547.5944087214,25846.59
2023-09-12,129482.25099744185,64138.839717882656,25167.84
2023-09-13,131107.1294228803,96978.9591402871,25852.83
2023-09-14,131585.0431169481,96978.9591402871,26214.86
2023-09-15,131954.45666028216,131954.45666028216,26521.25
2023-09-16,131954.45666028216,131954.45666028216,26623.5
2023-09-17,131954.45666028216,131954.45666028216,26559.67
2023-09-18,131954.45666028216,131954.45666028216,26529.35
2023-09-19,131954.45666028216,131954.45666028216,26763.24
2023-09-20,131954.45666028216,131954.45666028216,27196.3
2023-09-21,131954.45666028216,131954.45666028216,27116.35
2023-09-22,131879.3443674518,64917.081238592364,26564.86
2023-09-23,131809.14149590768,98161.4980837829,26581.13
2023-09-24,131718.1181826596,80880.33285814666,26575.97
2023-09-25,130938.60030187272,89595.21670935089,26225.42
2023-09-26,130972.42378025153,84419.73162470893,26305.87
2023-09-27,130706.44612227316,87130.06058468572,26213.81
2023-09-28,130862.80046877098,85465.02143805454,26367.38
2023-09-29,132009.2039866712,85465.02143805454,27033.22
2023-09-30,131664.45823992716,87618.36061032642,26895.96
2023-10-01,131675.77872770972,86181.18253985909,26960.13
2023-10-02,133354.08809064797,133354.08809064797,27991.06
2023-10-03,133354.08809064797,133354.08809064797,27506.89
2023-10-04,133354.08809064797,133354.08809064797,27421.54
2023-10-05,133354.08809064797,133354.08809064797,27777.47
2023-10-06,133354.08809064797,133354.08809064797,27417.24
2023-10-07,133283.68199562418,62902.807050534284,27934.59
2023-10-08,133341.10113583706,62902.807050534284,27957.38
2023-10-09,133132.72627520034,100593.31369013606,27919.42
2023-10-10,132644.32903432142,81161.30440639288,27584.91
2023-10-11,132184.6999368421,90441.46729070428,27389.17
2023-10-12,131270.7255646382,85324.3760346904,26861.64
2023-10-13,130976.73634013147,86959.78535027093,26751.59
2023-10-14,131041.2893437317,85815.07497385517,26859.11
2023-10-15,130940.4355353298,86498.8684402715,26852.68
2023-10-16,131294.57046028716,86016.45973730569,27135.37
2023-10-17,133598.14114966802,86016.45973730569,28515.91
2023-10-18,133292.24558020761,88928.04936028205,28392.82
2023-10-19,133037.83592990035,87119.5611036408,28302.55
2023-10-20,133588.42613283225,87800.83995108177,28716.26
2023-10-21,135105.32151677663,87800.83995108177,29667.6
2023-10-22,135383.67554229862,89525.93371718575,29913.46
2023-10-23,135484.27189653393,89525.93371718575,29979.08
2023-10-24,140122.39024103573,72916.9625000105,33095.19
2023-10-25,141623.29650308008,90799.93355246921,33922.73
2023-10-26,142453.82904723767,90799.93355246921,34477.08
2023-10-27,141799.20534689692,80667.20858567217,34135.37
2023-10-28,141244.6055343451,86779.12581956596,33893.78
2023-10-30,142146.97541233012,82004.37410353751,34544.43
2023-10-31,142012.06364289526,82004.37410353751,34466.94
2023-11-06,142774.16374404362,86165.85309463202,34989.44
2023-11-07,142875.94384749638,86165.85309463202,35052.35
2023-11-08,143314.15903739745,98237.56698673933,35400.0
2023-11-09,143526.18455554306,98237.56698673933,35566.51
2023-11-10,144777.84411037015,75892.88878984781,36675.76
2023-11-11,145914.80265884264,75892.88878984781,37281.1
2023-11-12,145536.59246046407,145536.59246046407,37140.99
2023-11-13,145536.59246046407,145536.59246046407,37069.69
2023-11-14,145402.360037402,48075.336980288565,36456.19
2023-11-15,142816.41576348638,110939.27970727446,35548.34
2023-11-16,144839.2315544261,144839.2315544261,37843.71
2023-11-17,144708.66612342943,50615.56709110067,36154.0
2023-11-18,145746.29148177244,110893.55606209667,36610.04
2023-11-19,145707.92590671673,110893.55606209667,36569.74
2023-11-20,146424.5435835909,146424.5435835909,37374.5
2023-11-21,146424.5435835909,146424.5435835909,37448.66
2023-11-22,146254.27654744472,51280.05536598307,35720.64
2023-11-23,150609.7085485638,114069.30753181707,37431.32
2023-11-24,150346.57910170237,73067.45156818401,37292.34
2023-11-25,151091.04974016146,100839.68666529571,37716.78
2023-11-26,151169.8573193312,100839.68666529571,37775.93
2023-11-27,150607.2391653772,82616.77235070322,37456.12
2023-11-28,150088.94082360013,94226.11371850809,37245.05
2023-11-29,150808.58964139863,85742.1161890206,37822.1
2023-11-30,150859.18453127082,85742.1161890206,37851.51
2023-12-01,150508.56650408386,92377.37110063618,37738.91
2023-12-02,151828.46460138698,87422.13326118654,38693.98
2023-12-03,153078.54130487205,87422.13326118654,39445.0
2023-12-05,156904.98030594975,68711.50656969943,41887.4
2023-12-06,161369.31524743853,161369.31524743853,44047.94
2023-12-07,161369.31524743853,161369.31524743853,43773.48
2023-12-08,161369.31524743853,161369.31524743853,43292.02
2023-12-09,161369.31524743853,161369.31524743853,44204.78
2023-12-10,161369.31524743853,161369.31524743853,43726.01
2023-12-17,161369.31524743853,161369.31524743853,42265.59
2023-12-19,161151.70448199767,50453.73457592399,42637.99
2023-12-20,160188.06230538388,50453.73457592399,42266.82
2023-12-21,163658.22938989504,163658.22938989504,43634.01
2023-12-22,163658.22938989504,163658.22938989504,43861.79
2023-12-23,163658.22938989504,163658.22938989504,43974.2
2023-12-24,163521.43003713893,52941.50697079727,43694.57
2023-12-25,161578.99085864078,161578.99085864078,42976.36
2023-12-26,161578.99085864078,161578.99085864078,43588.53
2023-12-27,161431.165147834,54265.84530411233,42514.07
2023-12-28,163572.9264156955,163572.9264156955,43400.01
2023-12-29,163491.8443641385,54322.87178200971,42595.99
2023-12-30,161937.10117393115,125467.54002198664,42054.03
2023-12-31,161903.26821573754,76354.14244537074,42167.99
2024-01-01,161957.04713770052,109875.39981793961,42298.61
2024-01-02,164096.4663232847,86068.01965705205,44174.3
2024-01-03,165554.96342255527,86068.01965705205,45000.0
2024-01-04,161635.3448985365,161635.3448985365,42808.27
2024-01-05,161635.3448985365,161635.3448985365,44176.56
2024-01-06,161635.3448985365,161635.3448985365,44127.96
2024-01-07,161635.3448985365,161635.3448985365,43971.1
2024-01-08,161635.3448985365,161635.3448985365,43896.79
2024-01-09,161635.3448985365,161635.3448985365,46952.17
2024-01-10,161635.3448985365,161635.3448985365,46088.01
2024-01-11,161635.3448985365,161635.3448985365,46572.0
2024-01-12,161635.3448985365,161635.3448985365,46319.62
2024-01-13,161635.3448985365,161635.3448985365,42815.99
2024-01-15,161635.3448985365,161635.3448985365,41755.38
2024-01-16,161635.3448985365,161635.3448985365,42530.01
2024-01-17,161635.3448985365,161635.3448985365,43155.22
2024-01-20,161635.3448985365,161635.3448985365,41668.45
2024-01-21,161541.37485285854,77768.99521082154,41690.98
2024-01-22,161165.4974915141,120971.51297448028,41597.47
2024-01-23,159096.2101263441,99451.7107512398,39593.55
2024-01-24,159394.54882158892,107492.96253169254,39889.91
2024-01-25,159613.2411832314,107492.96253169254,40057.99
2024-01-26,159353.64748442624,103803.84426137651,39963.35
2024-01-27,161740.6699128214,105500.42511117937,41799.0
2024-01-28,162047.80398480548,106964.37356828272,42131.11
2024-01-29,161869.8236898975,106964.37356828272,41994.98
2024-01-30,163358.4514818445,88404.59468339497,43275.62
2024-01-31,162861.67604091653,88404.59468339497,42988.8
2024-02-01,162056.81379755196,116642.39685639866,42632.86
2024-02-02,162402.1309276415,82215.88841591678,43100.17
2024-02-03,162600.7910947685,82215.88841591678,43206.95
2024-02-04,162074.81375315948,119693.3041715168,42997.63
2024-02-05,161545.44657266582,100136.0258650926,42587.28
2024-02-06,161606.92725052836,109588.56652360676,42708.71
2024-02-07,161955.70991201486,104670.11293170437,43098.97
2024-02-08,163675.92718096322,104670.11293170437,44393.18
2024-02-09,164770.1776795095,109410.15764253541,45327.32
2024-02-10,166979.18895660408,109410.15764253541,47136.0
2024-02-11,167597.69822960836,92185.49736240505,47777.98
2024-02-12,168415.05078610138,92185.49736240505,48295.82
2024-02-13,170874.61526996072,170874.61526996072,49936.1
2024-02-14,170874.61526996072,170874.61526996072,49661.04
2024-02-15,170874.61526996072,170874.61526996072,51786.01
2024-02-16,170874.61526996072,170874.61526996072,51883.26
2024-02-17,170754.94581502225,53999.80684394307,52133.49
2024-02-18,169502.62346725707,133116.47966024285,51659.68
2024-02-19,169711.17591588997,78334.97569382233,52148.77
2024-02-20,169022.93832326366,78334.97569382233,51755.99
2024-02-21,169747.19880995312,115953.09791843483,52267.37
2024-02-22,169300.418740533,115953.09791843483,51833.27
2024-02-23,168583.81716259473,90558.1556467571,51292.61
2024-02-24,167584.63112457766,106643.21572891946,50761.08
2024-02-25,168372.2514540586,94723.19758600518,51553.23
2024-02-26,168623.84257408546,94723.19758600518,51729.34
2024-02-27,172399.51952005315,104536.34816868174,54501.17
2024-02-28,175285.59329001282,71384.21595819373,57021.18
2024-02-29,184849.21942026718,110642.83580934725,62395.27
2024-03-01,183234.770278727,109443.7392193471,61196.0
2024-03-02,184493.4794980178,108582.01288718483,62420.98
2024-03-04,185401.49626649817,108582.01288718483,63167.63
2024-03-05,191270.11189480993,111601.35570362429,68157.84
2024-03-06,185965.0351968761,114917.14712873336,63809.98
2024-03-07,188375.5891129385,188375.5891129385,66043.05
2024-03-08,188375.5891129385,188375.5891129385,66798.05
2024-03-09,188375.5891129385,188375.5891129385,68153.3
2024-03-10,188375.5891129385,188375.5891129385,68340.82
2024-03-11,188375.5891129385,188375.5891129385,68919.99
2024-03-12,188375.5891129385,188375.5891129385,72156.12
2024-03-13,188375.5891129385,188375.5891129385,71451.01
2024-03-14,188375.5891129385,188375.5891129385,73039.79
2024-03-15,188375.5891129385,188375.5891129385,71479.09
2024-03-17,188375.5891129385,188375.5891129385,65583.79
2024-03-18,188375.5891129385,188375.5891129385,68410.0
2024-03-19,188138.7430390929,61597.489240940275,67580.0
2024-03-25,187307.13523568626,145600.591645384,67289.99
2024-03-26,188869.11959172832,188869.11959172832,69904.76
2024-03-27,188869.11959172832,188869.11959172832,69975.16
2024-03-28,188869.11959172832,188869.11959172832,69412.51
2024-03-29,188869.11959172832,188869.11959172832,70746.3
2024-03-30,188869.11959172832,188869.11959172832,69875.57
2024-03-31,188869.11959172832,188869.11959172832,69618.89
2024-04-01,188869.11959172832,188869.11959172832,71186.0
2024-04-02,188869.11959172832,188869.11959172832,69658.6
2024-04-03,188869.11959172832,188869.11959172832,65484.01
2024-04-04,188869.11959172832,188869.11959172832,65949.44
2024-04-05,188869.11959172832,188869.11959172832,68382.77
2024-04-06,188869.11959172832,188869.11959172832,67846.0
2024-04-07,188869.11959172832,188869.11959172832,68920.01
2024-04-08,188869.11959172832,188869.11959172832,69337.98
2024-04-09,188869.11959172832,188869.11959172832,71612.02
2024-04-10,188869.11959172832,188869.11959172832,69128.02
2024-04-11,188869.11959172832,188869.11959172832,70552.51
2024-04-12,188869.11959172832,188869.11959172832,70002.22
2024-04-13,188869.11959172832,188869.11959172832,67068.0
2024-04-14,188759.84785009606,95480.48923472213,63945.53
2024-04-15,191119.871269186,191119.871269186,65521.27
2024-04-16,191119.871269186,191119.871269186,63332.0
2024-04-18,191119.871269186,191119.871269186,61276.27
2024-04-19,191119.871269186,191119.871269186,63402.18
2024-04-20,191119.871269186,191119.871269186,63806.01
2024-04-21,191119.871269186,191119.871269186,64888.0
2024-04-22,191119.871269186,191119.871269186,64943.79
2024-04-23,191119.871269186,191119.871269186,66799.09
2024-04-24,191119.871269186,191119.871269186,66469.99
2024-04-25,191119.871269186,191119.871269186,64227.46
2024-04-26,191119.871269186,191119.871269186,64525.51
2024-04-27,191119.871269186,191119.871269186,63779.25
2024-04-28,191119.871269186,191119.871269186,63484.0
2024-04-29,191119.871269186,191119.871269186,63004.14
2024-04-30,191119.871269186,191119.871269186,63824.29
2024-05-01,191119.871269186,191119.871269186,60742.33
2024-05-02,191034.22881828673,95851.75146290049,58400.0
2024-05-03,191946.74872377748,141732.42535957176,59062.34
2024-05-04,195147.38116971322,141732.42535957176,62826.94
2024-05-05,195998.59157920882,195998.59157920882,63978.3
2024-05-06,195998.59157920882,195998.59157920882,64044.2
2024-05-07,195998.59157920882,195998.59157920882,63149.5
2024-05-08,195893.19006653148,95667.36002227929,62340.01
2024-05-09,193841.03414920025,145209.05357609037,61178.0
2024-05-10,195198.2526289583,117624.2427947228,63094.0
2024-05-11,192394.99491155162,117624.2427947228,60814.0
2024-05-12,192224.96837118643,131305.6195535003,60804.01
2024-05-13,192789.54943186708,123964.47946240222,61527.01
2024-05-14,194352.8817762558,123964.47946240222,62924.57
2024-05-16,197901.21713438118,130285.89016607798,66258.01
2024-05-20,197745.3117894301,109128.48310191795,66274.78
2024-05-21,204560.55591686352,204560.55591686352,71483.45
2024-05-25,204560.55591686352,204560.55591686352,68575.92
2024-05-27,204560.55591686352,204560.55591686352,68508.69
2024-05-29,204560.55591686352,204560.55591686352,68425.09
2024-05-30,204560.55591686352,204560.55591686352,67652.69
2024-06-01,204560.55591686352,204560.55591686352,67573.41
2024-06-02,204560.55591686352,204560.55591686352,67768.0
2024-06-03,204560.55591686352,204560.55591686352,67763.86
2024-06-04,204560.55591686352,204560.55591686352,68800.01
2024-06-05,204560.55591686352,204560.55591686352,70589.99
2024-06-06,204560.55591686352,204560.55591686352,71149.57
2024-06-07,204560.55591686352,204560.55591686352,70791.22
2024-06-08,204560.55591686352,204560.55591686352,69312.39
2024-06-09,204560.55591686352,204560.55591686352,69310.36
2024-06-10,204560.55591686352,204560.55591686352,69655.1
2024-06-11,204560.55591686352,204560.55591686352,69526.02
2024-06-12,204560.55591686352,204560.55591686352,67312.18
2024-06-13,204560.55591686352,204560.55591686352,68290.0
2024-06-14,204560.55591686352,204560.55591686352,66792.0
2024-06-15,204560.55591686352,204560.55591686352,66068.0
2024-06-16,204560.55591686352,204560.55591686352,66200.01
2024-06-17,204560.55591686352,204560.55591686352,66655.0
2024-06-18,204560.55591686352,204560.55591686352,66540.55
2024-06-19,204560.55591686352,204560.55591686352,65151.01
2024-06-20,204560.55591686352,204560.55591686352,64927.64
2024-06-21,204560.55591686352,204560.55591686352,64869.98
2024-06-22,204560.55591686352,204560.55591686352,64158.28
2024-06-23,204560.55591686352,204560.55591686352,64280.73
2024-06-24,204560.55591686352,204560.55591686352,63258.31
2024-06-25,204560.55591686352,204560.55591686352,60267.73
2024-06-26,204560.55591686352,204560.55591686352,61835.04
2024-06-27,204560.55591686352,204560.55591686352,60840.64
2024-06-28,204560.55591686352,204560.55591686352,61716.07
2024-06-29,204560.55591686352,204560.55591686352,60438.01
2024-06-30,204560.55591686352,204560.55591686352,60989.79
2024-07-01,204560.55591686352,204560.55591686352,62776.01
2024-07-02,204560.55591686352,204560.55591686352,62931.45
2024-07-03,204560.55591686352,204560.55591686352,62149.95
2024-07-04,204560.55591686352,204560.55591686352,60250.0
2024-07-05,204649.17113718676,104075.47762571012,57186.01
2024-07-06,203451.78645238592,150080.66723579072,56613.23
2024-07-07,204754.29681102323,124819.7027107245,58210.08
2024-07-08,201603.20830992487,124819.7027107245,55915.39
2024-07-09,202476.71839210257,136931.33453077928,56684.01
2024-07-10,204000.76046197774,136931.33453077928,58002.01
2024-07-11,203434.77418096265,132914.44109806532,57666.66
2024-07-12,202902.52817267604,134395.0982912295,57380.0
2024-07-13,203335.86599580452,133101.5240381041,57889.11
2024-07-14,204957.8565467014,133101.5240381041,59226.0
2024-07-15,206646.11588483682,135885.80482718762,60784.01
2024-07-16,211244.4294261913,135885.80482718762,64734.02
2024-07-17,211302.7992842605,118507.61296604466,65009.23
2024-07-18,209840.1167491658,130322.5171336779,64148.0
2024-07-19,209434.31295812406,121004.12620223165,64011.1
2024-07-20,213001.63121149788,213001.63121149788,66730.0
2024-07-21,213001.63121149788,213001.63121149788,67186.12
2024-07-22,213001.63121149788,213001.63121149788,68226.79
2024-07-23,213001.63121149788,213001.63121149788,67548.01
2024-07-24,213001.63121149788,213001.63121149788,65920.01
2024-07-25,213001.63121149788,213001.63121149788,65444.02
2024-07-26,213001.63121149788,213001.63121149788,65830.13
2024-07-27,213001.63121149788,213001.63121149788,67920.43
2024-07-28,213001.63121149788,213001.63121149788,67797.9
2024-07-29,213001.63121149788,213001.63121149788,68273.48
2024-07-30,213001.63121149788,213001.63121149788,66836.0
2024-07-31,213001.63121149788,213001.63121149788,66218.97
2024-08-01,213001.63121149788,213001.63121149788,64634.01
2024-08-02,213001.63121149788,213001.63121149788,65399.99
2024-08-03,213001.63121149788,213001.63121149788,61537.98
2024-08-04,213001.63121149788,213001.63121149788,60663.57
2024-08-05,213001.63121149788,213001.63121149788,58208.01
2024-08-06,212845.72373125763,110464.52831867391,54012.0
2024-08-07,216473.45500111638,157072.58280496238,56069.99
2024-08-08,215435.2373243836,157072.58280496238,55089.99
2024-08-17,219371.0845170807,219371.0845170807,58864.02
2024-08-18,219371.0845170807,219371.0845170807,59485.99
2024-08-19,219371.0845170807,219371.0845170807,58448.01
2024-08-20,219371.0845170807,219371.0845170807,59439.99
2024-08-21,219371.0845170807,219371.0845170807,59055.21
2024-08-22,219371.0845170807,219371.0845170807,61185.82
2024-08-23,219371.0845170807,219371.0845170807,60375.2
2024-08-24,219371.0845170807,219371.0845170807,64079.99
2024-08-25,219371.0845170807,219371.0845170807,64137.0
2024-08-26,219371.0845170807,219371.0845170807,64261.02
2024-08-27,219371.0845170807,219371.0845170807,62835.01
2024-08-28,219371.0845170807,219371.0845170807,59386.44
2024-08-29,219371.0845170807,219371.0845170807,59015.59
2024-08-30,219371.0845170807,219371.0845170807,59366.99
2024-08-31,219371.0845170807,219371.0845170807,59120.0
2024-09-01,219371.0845170807,219371.0845170807,58967.02
2024-09-02,219371.0845170807,219371.0845170807,57348.01
2024-09-03,219371.0845170807,219371.0845170807,59142.0
2024-09-04,219205.84520686447,108749.5849911144,57488.0
2024-09-05,219951.3494459259,163118.33735317586,57999.0
2024-09-06,218170.87766240333,163118.33735317586,56182.0
2024-09-07,215803.57508436817,134678.47800167784,53941.11
2024-09-08,215982.53511009127,145903.6541747558,54185.0
2024-09-09,216607.5281565456,140126.7802641064,54832.15
2024-09-10,219655.24247319042,140126.7802641064,57017.18
2024-09-11,220358.45861796578,146954.43226009575,57660.01
2024-09-12,219976.37837845855,146954.43226009575,57359.88
2024-09-13,220807.06890627864,143649.37439489164,58140.0
2024-09-14,223968.6764388252,143649.37439489164,60522.34
2024-09-15,223112.83535835418,149350.08252303168,59995.59
2024-09-16,221822.68732713,145597.98458544654,59112.57
2024-09-17,220460.6767502062,146203.8476591641,58201.09
2024-09-20,226361.50661017164,144403.40540430855,62984.61
2024-09-21,226541.3431991265,226541.3431991265,63196.0
2024-09-22,226541.3431991265,226541.3431991265,63400.0
2024-09-23,226541.3431991265,226541.3431991265,63552.0
2024-09-24,226541.3431991265,226541.3431991265,63365.99
2024-09-25,226541.3431991265,226541.3431991265,64289.0
2024-09-26,226541.3431991265,226541.3431991265,63112.0
2024-09-27,226541.3431991265,226541.3431991265,65162.0
2024-09-28,226541.3431991265,226541.3431991265,65792.78
2024-09-29,226541.3431991265,226541.3431991265,65868.0
2024-09-30,226541.3431991265,226541.3431991265,65600.55
2024-10-01,226541.3431991265,226541.3431991265,63439.99
2024-10-02,226420.26976595563,113901.24889198276,60829.16
2024-10-03,225862.4003685976,167019.80942018452,60666.0
2024-10-04,225780.836626724,139121.7078586071,60766.18
2024-10-05,227500.8213261956,153847.2574374331,62105.64
2024-10-06,227470.36638650473,153847.2574374331,62079.96
2024-10-07,228169.8512502443,147516.69005469364,62828.01
2024-10-08,227435.56715937698,147516.69005469364,62256.01
2024-10-09,227145.92546955677,150846.5641606635,62162.9
2024-10-10,225123.71794673614,148844.15661128503,60684.01
2024-10-11,224472.4302901944,147848.89174023492,60308.0
2024-10-12,227115.994281043,147688.50209484002,62545.77
2024-10-13,228015.38256567094,147688.50209484002,63254.0
2024-10-14,227324.65291133468,151271.92477776267,62882.0
2024-10-15,231001.26593538647,148644.87601983707,66089.97
2024-10-16,232144.0699266088,232144.0699266088,67108.0
2024-10-17,232144.0699266088,232144.0699266088,67648.48
2024-10-18,232144.0699266088,232144.0699266088,67364.01
2024-10-19,232144.0699266088,232144.0699266088,68437.34
2024-10-20,232023.89304349243,111864.59840716538,68385.36
2024-10-21,232889.61706717085,174419.49545156275,69004.07
2024-10-22,231508.39699651796,174419.49545156275,67374.01
2024-10-23,231346.51861093403,140935.53345411518,67420.01
2024-10-24,230168.6684719639,157953.71805001545,66690.76
2024-10-25,231727.20259608663,231727.20259608663,68248.71
2024-10-26,231727.20259608663,231727.20259608663,66759.01
2024-10-27,231588.45201492932,110926.1407800835,67108.07
2024-10-28,233301.95645610447,110926.1407800835,68061.06
2024-10-29,236442.75224849922,177383.23919525323,69955.99
2024-10-30,238791.4311237358,177383.23919525323,72738.0
2024-10-31,238304.5955873546,146869.31867381852,72382.37
2024-11-01,235456.9394206831,161555.59048827627,70311.17
2024-11-02,234432.98549499744,151688.8563746046,69520.0
2024-11-03,234079.4889442303,155671.94932022569,69371.99
2024-11-04,233151.24554563704,153264.07521229953,68726.0
2024-11-05,231917.27909850024,153557.48486366624,67833.5
2024-11-06,233563.22748742026,152141.33012345337,69436.0
2024-11-07,240801.281908656,152141.33012345337,75608.56
2024-11-08,240948.69938041118,161816.96163709616,75917.99
2024-11-09,241358.2597720291,156905.83658764354,76489.71
2024-11-10,241565.56591787667,156905.83658764354,76677.47
2024-11-11,245292.53241279212,133507.5350064981,80334.72
2024-11-12,256683.93024039303,116508.27512990683,88786.41
2024-11-14,258977.17320257274,178268.54195344163,90448.38
2024-11-15,256234.73491683707,178268.54195344163,87374.99
2024-11-16,259393.77259906344,259393.77259906344,91111.99
2024-11-17,259393.77259906344,259393.77259906344,90631.59
2024-11-18,259129.97602141375,84325.0017971864,89818.32
2024-11-19,260056.0852929696,202296.43330596754,90474.09
2024-11-21,262488.05444431235,202296.43330596754,94283.5
2024-11-22,264994.93565874465,264994.93565874465,98395.99
2024-11-23,264994.93565874465,264994.93565874465,98878.78
2024-11-24,264994.93565874465,264994.93565874465,97658.66
2024-11-25,264994.93565874465,264994.93565874465,97946.79
2024-11-26,264712.38570475206,93624.0106506185,92995.99
2024-11-27,262601.72937603504,199586.39551737023,92047.99
2024-11-28,264907.79169514513,123608.8677535481,95832.61
2024-11-29,264700.4566900287,123608.8677535481,95691.99
2024-11-30,267110.54698069283,267110.54698069283,97428.47
2024-12-01,267110.54698069283,267110.54698069283,96376.0
2024-12-02,266897.38093425095,83675.53974492996,97217.89
2024-12-03,264281.7108250783,83675.53974492996,95830.01
2024-12-04,264127.1122368743,207141.71038383959,95974.91
2024-12-05,265606.8070011978,265606.8070011978,98620.16
2024-12-06,265366.66160569375,87794.49921749943,96959.97
2024-12-07,270182.678812935,208726.77800318692,99811.33
2024-12-08,270224.96035260195,208726.77800318692,99880.0
2024-12-09,270916.35065063386,270916.35065063386,101212.0
2024-12-10,270916.35065063386,270916.35065063386,97303.89
2024-12-11,270916.35065063386,270916.35065063386,96560.51
2024-12-12,270916.35065063386,270916.35065063386,101179.09
2024-12-13,270916.35065063386,270916.35065063386,99960.0
2024-12-14,270916.35065063386,270916.35065063386,101447.99
2024-12-15,270916.35065063386,270916.35065063386,101370.69
2024-12-16,270916.35065063386,270916.35065063386,104511.99
2024-12-17,270916.35065063386,270916.35065063386,106084.01
2024-12-18,270916.35065063386,270916.35065063386,106146.53
2024-12-20,270916.35065063386,270916.35065063386,97660.01
2024-12-24,270916.35065063386,270916.35065063386,94813.83
2024-12-25,270916.35065063386,270916.35065063386,98700.61
2024-12-26,270916.35065063386,270916.35065063386,99515.97
2024-12-29,270916.35065063386,270916.35065063386,95261.17
2024-12-30,270916.35065063386,270916.35065063386,93686.38
2024-12-31,270916.35065063386,270916.35065063386,92782.13
2025-01-01,270916.35065063386,270916.35065063386,93610.93
2025-01-02,270916.35065063386,270916.35065063386,94627.53
2025-01-03,270916.35065063386,270916.35065063386,96984.79
2025-01-04,270916.35065063386,270916.35065063386,98263.45
2025-01-05,270916.35065063386,270916.35065063386,98256.29
2025-01-06,270916.35065063386,270916.35065063386,98493.77
2025-01-07,270916.35065063386,270916.35065063386,102239.57
2025-01-08,270684.85428404005,137702.76947750238,96882.91
2025-01-09,267896.5805078239,197929.54330505722,95031.64
2025-01-10,265865.2483497305,165979.63554228732,92582.9
2025-01-11,267901.80882561184,179973.64625802447,94683.48
2025-01-12,267846.60965060245,179973.64625802447,94624.04
2025-01-13,267565.905502008,174375.64567879803,94587.41
2025-01-14,267257.11350232124,177003.65938477474,94510.83
2025-01-15,269022.56887326785,175307.89481843394,96600.01
2025-01-16,272854.56731947005,175307.89481843394,100549.99
2025-01-17,272190.4782188137,272190.4782188137,100003.72
2025-01-18,272190.4782188137,272190.4782188137,104162.0
2025-01-19,272190.4782188137,272190.4782188137,104502.0
2025-01-20,272190.4782188137,272190.4782188137,100984.07
2025-01-21,272190.4782188137,272190.4782188137,102351.29
2025-01-22,272190.4782188137,272190.4782188137,106141.83
2025-01-23,272190.4782188137,272190.4782188137,103659.18
2025-01-24,272190.4782188137,272190.4782188137,103867.31
2025-01-25,272190.4782188137,272190.4782188137,104699.8
2025-01-26,272190.4782188137,272190.4782188137,104804.57
2025-01-27,272190.4782188137,272190.4782188137,102527.99
2025-01-28,272190.4782188137,272190.4782188137,102073.53
2025-01-29,272190.4782188137,272190.4782188137,101396.59
2025-01-30,272190.4782188137,272190.4782188137,103808.2
2025-01-31,272190.4782188137,272190.4782188137,104765.52
2025-02-01,272190.4782188137,272190.4782188137,102333.01
2025-02-03,272190.4782188137,272190.4782188137,97731.88
2025-02-05,272190.4782188137,272190.4782188137,97873.74
2025-02-06,272190.4782188137,272190.4782188137,96667.15
2025-02-07,272190.4782188137,272190.4782188137,96636.0
2025-02-08,272190.4782188137,272190.4782188137,96370.21
2025-02-09,272190.4782188137,272190.4782188137,96436.3
2025-02-10,272190.4782188137,272190.4782188137,96501.69
2025-02-11,272190.4782188137,272190.4782188137,97463.83
2025-02-12,272190.4782188137,272190.4782188137,95696.1
2025-02-13,272190.4782188137,272190.4782188137,97790.97
2025-02-14,272190.4782188137,272190.4782188137,96689.35
2025-02-15,272190.4782188137,272190.4782188137,97475.7
2025-02-16,272190.4782188137,272190.4782188137,97579.78
2025-02-17,272190.4782188137,272190.4782188137,96066.18
2025-02-18,272190.4782188137,272190.4782188137,95815.4
2025-02-19,272190.4782188137,272190.4782188137,95614.95
2025-02-20,272190.4782188137,272190.4782188137,96600.02
2025-02-21,272190.4782188137,272190.4782188137,98396.16
2025-02-22,272190.4782188137,272190.4782188137,96170.0
2025-02-23,272190.4782188137,272190.4782188137,96519.35
2025-02-24,272190.4782188137,272190.4782188137,96276.43
2025-02-25,272190.4782188137,272190.4782188137,91785.18
2025-02-26,272190.4782188137,272190.4782188137,88615.93
2025-02-27,272190.4782188137,272190.4782188137,84378.02
2025-02-28,272190.4782188137,272190.4782188137,84759.37
2025-03-01,272190.4782188137,272190.4782188137,84338.54
2025-03-02,272190.4782188137,272190.4782188137,86011.29
2025-03-03,272190.4782188137,272190.4782188137,94326.86
2025-03-04,272190.4782188137,272190.4782188137,86138.02
2025-03-05,272190.4782188137,272190.4782188137,87158.11
2025-03-06,272190.4782188137,272190.4782188137,90666.87
2025-03-07,272190.4782188137,272190.4782188137,89883.75
2025-03-08,272190.4782188137,272190.4782188137,86757.85
2025-03-18,272190.4782188137,272190.4782188137,83989.13
2025-03-19,272190.4782188137,272190.4782188137,82684.35
2025-03-20,272190.4782188137,272190.4782188137,86913.17
2025-03-21,272190.4782188137,272190.4782188137,84218.0
2025-03-22,272190.4782188137,272190.4782188137,84068.35
2025-03-23,272190.4782188137,272190.4782188137,83809.75
2025-03-24,272190.4782188137,272190.4782188137,86021.46
2025-03-25,272190.4782188137,272190.4782188137,87422.58
2025-03-26,272190.4782188137,272190.4782188137,87379.49
2025-03-27,272190.4782188137,272190.4782188137,86957.49
2025-03-28,272190.4782188137,272190.4782188137,87230.21
2025-03-29,272190.4782188137,272190.4782188137,84388.01
2025-03-30,272190.4782188137,272190.4782188137,82595.23
2025-03-31,272190.4782188137,272190.4782188137,82444.89
2025-04-01,272190.4782188137,272190.4782188137,82497.84
2025-04-02,272190.4782188137,272190.4782188137,85161.2
2025-04-03,271993.3174740233,135369.8036596367,82521.01
2025-04-04,272944.7385189865,272944.7385189865,83259.99
2025-04-05,272944.7385189865,272944.7385189865,83827.93
2025-04-06,272944.7385189865,272944.7385189865,83516.01
2025-04-07,272628.77992895036,139992.70361139046,78347.82
2025-04-08,273687.50653330935,200452.18466106022,79124.75
2025-04-09,271202.5883453022,200452.18466106022,76440.0
2025-04-10,276699.02059800347,164412.62271837692,82662.26
2025-04-11,272276.62022941955,190256.9206476777,79608.7
2025-04-12,276025.96112342237,172690.28097447465,83471.96
2025-04-13,278070.61322673684,158006.220274333,85344.99
2025-04-14,275787.08935502026,158006.220274333,83721.8
2025-04-15,276833.02793043054,168168.34674311744,84672.79
2025-04-16,275474.97592483077,168168.34674311744,83614.58
2025-04-17,275708.52139928006,188214.939198041,83981.61
2025-04-18,276528.0757953976,177873.69341192517,84980.0
2025-04-19,275925.0395641774,177873.69341192517,84460.55
2025-04-20,276449.10444337036,183636.18732837515,85078.7
2025-04-21,276594.46775058564,183636.18732837515,85211.95
2025-04-22,278884.9001808827,181174.94921545658,87528.86
2025-04-23,285715.7999475491,181174.94921545658,93648.0
2025-04-24,285646.8897573833,285646.8897573833,93690.64
2025-04-25,285646.8897573833,285646.8897573833,93908.5
2025-04-26,285646.8897573833,285646.8897573833,94636.51
2025-04-27,285646.8897573833,285646.8897573833,94660.27
2025-04-28,285396.00184677925,138887.91005387105,93728.16
2025-04-29,287089.1893791728,214184.133330019,94980.3
2025-04-30,286525.04818364186,214184.133330019,94245.34
2025-05-01,286217.63117324025,175385.66463424586,94147.3
2025-05-02,288770.6299325707,195611.75774509565,96540.21
2025-05-03,289117.80857487535,195611.75774509565,96899.99
2025-05-04,287859.6638378101,187654.39624140444,95827.37
2025-05-05,285977.81936040096,190362.69378488828,94260.05
2025-05-06,286263.0317696852,187132.13530674292,94760.01
2025-05-07,288494.30314414843,187132.13530674292,96892.9
2025-05-08,288446.71064718836,191318.9717130114,97086.11
2025-05-09,294469.95142307645,294469.95142307645,103177.18
2025-05-10,294469.95142307645,294469.95142307645,102985.28
2025-05-11,294469.95142307645,294469.95142307645,104676.44
2025-05-12,294273.52393961186,142583.3285242704,104096.4
2025-05-13,292112.4802578648,219186.95487733145,102781.93
2025-05-14,292939.5546121737,292939.5546121737,104029.38
2025-05-15,292939.5546121737,292939.5546121737,103507.83
2025-05-16,292707.4311046742,140648.9796375187,103723.22
2025-05-17,292045.66443978914,219390.1924439447,103437.49
2025-05-18,291579.1735657274,178299.98956019187,103105.33
2025-05-19,295103.9956295893,295103.9956295893,106547.99
2025-05-20,295103.9956295893,295103.9956295893,105554.32
2025-05-21,295103.9956295893,295103.9956295893,106856.75
2025-05-22,295103.9956295893,295103.9956295893,109672.82
2025-05-23,295103.9956295893,295103.9956295893,111624.99
2025-05-24,295103.9956295893,295103.9956295893,107200.01
2025-05-25,295103.9956295893,295103.9956295893,107761.91
2025-05-26,295103.9956295893,295103.9956295893,108956.25
2025-05-27,295103.9956295893,295103.9956295893,109392.52
2025-05-28,295103.9956295893,295103.9956295893,108904.95
2025-05-29,295103.9956295893,295103.9956295893,107799.39
2025-06-01,295103.9956295893,295103.9956295893,104647.11
2025-06-02,295103.9956295893,295103.9956295893,105603.23
2025-06-03,295103.9956295893,295103.9956295893,105771.08
2025-06-04,295103.9956295893,295103.9956295893,105333.36
2025-06-05,295103.9956295893,295103.9956295893,104711.81
2025-06-06,294911.6161909645,146751.51021748618,101489.73
2025-06-07,298845.0615134357,298845.0615134357,104310.92
2025-06-08,298845.0615134357,298845.0615134357,105552.16
2025-06-09,298845.0615134357,298845.0615134357,105696.0
2025-06-10,298845.0615134357,298845.0615134357,110202.7
2025-06-11,298845.0615134357,298845.0615134357,110243.52
2025-06-12,298845.0615134357,298845.0615134357,108604.2
2025-06-13,298845.0615134357,298845.0615134357,105584.38
2025-06-14,298845.0615134357,298845.0615134357,106046.96
2025-06-15,298845.0615134357,298845.0615134357,105425.92
2025-06-16,298845.0615134357,298845.0615134357,105549.42
2025-06-17,298845.0615134357,298845.0615134357,106729.27
2025-06-18,298845.0615134357,298845.0615134357,104544.0
2025-06-19,298845.0615134357,298845.0615134357,104924.27
2025-06-20,298656.03276135295,144259.21995786697,104649.81
2025-06-21,296330.46167954826,222603.72736556013,103250.01
2025-06-22,295457.2080299047,181232.75892795544,102279.12
2025-06-23,293634.93237479124,201055.25437021107,100864.0
2025-06-24,297437.0323049228,188692.63208514324,105316.86
2025-06-25,298220.8888633774,188692.63208514324,106076.01
2025-06-26,299415.78034793725,299415.78034793725,107357.05
2025-06-27,299415.78034793725,299415.78034793725,106935.86
2025-06-28,299415.78034793725,299415.78034793725,107048.77
2025-06-29,299415.78034793725,299415.78034793725,107296.79
2025-06-30,299415.78034793725,299415.78034793725,108321.65
2025-07-01,299233.52866072,145847.58322188133,107126.37
2025-07-02,296884.22459365946,222342.6440967284,105697.81
2025-07-03,298911.5257964626,180248.78462623048,108899.99
2025-07-04,299663.3725576978,180248.78462623048,109589.98
2025-07-05,297704.00936898234,205698.3468413202,107989.94
2025-07-06,297682.40587311744,190914.37162031487,108209.15
2025-07-07,298352.00224883965,198587.22593672338,109162.34
2025-07-08,297518.44135981187,198587.22593672338,108250.26
2025-07-09,297930.1628466471,194400.28003157087,108946.58
2025-07-10,300150.0481533038,194400.28003157087,111282.61
2025-07-12,305972.91721268103,305972.91721268103,117553.37
2025-07-13,305972.91721268103,305972.91721268103,117458.48
2025-07-14,305972.91721268103,305972.91721268103,119069.32
2025-07-15,305972.91721268103,305972.91721268103,119772.18
2025-07-16,305972.91721268103,305972.91721268103,117688.1
2025-07-17,305972.91721268103,305972.91721268103,118651.05
2025-07-18,305972.91721268103,305972.91721268103,119226.49
2025-07-19,305972.91721268103,305972.91721268103,117922.1
2025-07-20,305972.91721268103,305972.91721268103,117854.01
2025-07-21,305972.91721268103,305972.91721268103,117143.63
2025-07-22,305972.91721268103,305972.91721268103,117402.55
2025-07-23,305972.91721268103,305972.91721268103,119911.32
2025-07-24,305972.91721268103,305972.91721268103,118700.85
2025-07-25,305972.91721268103,305972.91721268103,118294.48
2025-07-26,305972.91721268103,305972.91721268103,117519.52
2025-07-27,305972.91721268103,305972.91721268103,117947.74
2025-07-28,305972.91721268103,305972.91721268103,119365.49
2025-07-29,305972.91721268103,305972.91721268103,117989.14
2025-07-30,305972.91721268103,305972.91721268103,117937.12
2025-07-31,305972.91721268103,305972.91721268103,117830.73
2025-08-01,305770.0170247711,150103.08036654032,115729.0
2025-08-02,302185.88110281684,226047.42932518577,113325.3
2025-08-03,301409.7902598262,185135.28165035963,112533.56
2025-08-04,302947.50863801804,205548.9658284506,114291.93
2025-08-05,303584.86221291416,205548.9658284506,115039.83
2025-08-06,302597.4952962688,196965.44034962013,114129.76
2025-08-07,303255.8195630566,303255.8195630566,114956.01
2025-08-08,303255.8195630566,303255.8195630566,117385.23
2025-08-09,303255.8195630566,303255.8195630566,116664.29
2025-08-10,303255.8195630566,303255.8195630566,116462.01
2025-08-11,303255.8195630566,303255.8195630566,119231.36
2025-08-12,303255.8195630566,303255.8195630566,118714.95
2025-08-13,303255.8195630566,303255.8195630566,120068.47
2025-08-14,303255.8195630566,303255.8195630566,123278.33
2025-08-15,303255.8195630566,303255.8195630566,118241.11
2025-08-16,303255.8195630566,303255.8195630566,117264.86
2025-08-17,303255.8195630566,303255.8195630566,117373.0
2025-08-18,303255.8195630566,303255.8195630566,117394.42
2025-08-19,303255.8195630566,303255.8195630566,116209.95
2025-08-20,303255.8195630566,303255.8195630566,112949.21
2025-08-21,303255.8195630566,303255.8195630566,114210.36
2025-08-22,303255.8195630566,303255.8195630566,112548.06
2025-08-23,303255.8195630566,303255.8195630566,116928.37
2025-08-24,303255.8195630566,303255.8195630566,115400.01
2025-08-28,303255.8195630566,303255.8195630566,111240.0
2025-08-29,303255.8195630566,303255.8195630566,112467.97
2025-08-30,302985.8098994179,151704.40819179206,108311.73
2025-08-31,303435.22241900297,224486.2244777773,108816.35
2025-09-01,302801.5802054617,187112.24540515422,108260.0
2025-09-06,305096.2204208342,206047.42774430916,110633.14
2025-09-09,306384.6060354611,206047.42774430916,112072.21
2025-09-10,305678.1944214802,199445.43245550347,111547.4
2025-09-11,307853.6067814244,307853.6067814244,113990.0
2025-09-12,307853.6067814244,307853.6067814244,115596.09
2025-09-13,307853.6067814244,307853.6067814244,116027.63
2025-09-14,307853.6067814244,307853.6067814244,115936.93
2025-09-15,307853.6067814244,307853.6067814244,115250.01
2025-09-16,307853.6067814244,307853.6067814244,115338.18
2025-09-17,307853.6067814244,307853.6067814244,116788.95
2025-09-18,307853.6067814244,307853.6067814244,116412.31
2025-09-19,307853.6067814244,307853.6067814244,117141.37
2025-09-20,307853.6067814244,307853.6067814244,115612.73
2025-09-21,307853.6067814244,307853.6067814244,115685.63
2025-09-22,307659.8884529241,148851.50687494845,115206.99
2025-09-23,303758.4314017571,228433.88156418415,112546.6
2025-09-24,303117.4096133398,185412.33497716772,111953.4
2025-09-25,304277.53306650487,207084.02914296195,113293.8
2025-09-26,300567.1803322931,207084.02914296195,108968.82
2025-09-27,300880.1734714564,192980.61688589543,109608.83
2025-09-28,300918.2207516073,192980.61688589543,109647.48
2025-09-29,303106.3608314891,200861.78486399958,112149.02
2025-09-30,305033.09761401446,200861.78486399958,114262.4
2025-10-01,304734.50352804584,304734.50352804584,114100.0
2025-10-02,304734.50352804584,304734.50352804584,118703.35
2025-10-03,304734.50352804584,304734.50352804584,120429.51
2025-10-04,304734.50352804584,304734.50352804584,122221.78
2025-10-05,304734.50352804584,304734.50352804584,122398.82
2025-10-06,304734.50352804584,304734.50352804584,123468.41
2025-10-07,304734.50352804584,304734.50352804584,124681.76
2025-10-08,304734.50352804584,304734.50352804584,121435.95
2025-10-09,304734.50352804584,304734.50352804584,123340.01
2025-10-10,304734.50352804584,304734.50352804584,121662.47
2025-10-11,304734.50352804584,304734.50352804584,112531.02
2025-10-12,304734.50352804584,304734.50352804584,110600.01
2025-10-13,304734.50352804584,304734.50352804584,114874.82
2025-10-14,304734.50352804584,304734.50352804584,115133.18
2025-10-15,304734.50352804584,304734.50352804584,113014.05
2025-10-16,304734.50352804584,304734.50352804584,110814.49
2025-10-18,304571.0224843386,152953.46257335605,106437.5
2025-10-19,305354.2527694986,225567.87592580417,107185.08
2025-10-20,306405.8079216897,225567.87592580417,108597.74
2025-10-21,307735.839168773,307735.839168773,110495.01
2025-10-22,307735.839168773,307735.839168773,108259.94
2025-10-23,307503.71032984636,149174.08330689147,107528.14
2025-10-24,311061.1539645944,311061.1539645944,110093.18
2025-10-25,311061.1539645944,311061.1539645944,111018.62
2025-10-26,311061.1539645944,311061.1539645944,111614.61
2025-10-27,311061.1539645944,311061.1539645944,114384.15
2025-10-28,311061.1539645944,311061.1539645944,114076.2
2025-10-29,311061.1539645944,311061.1539645944,112810.37
2025-10-30,311061.1539645944,311061.1539645944,110020.24
2025-10-31,311061.1539645944,311061.1539645944,108350.42
2025-11-01,311061.1539645944,311061.1539645944,109616.35
2025-11-02,311061.1539645944,311061.1539645944,110115.93
2025-11-03,311061.1539645944,311061.1539645944,110500.33
2025-11-04,311061.1539645944,311061.1539645944,106484.4
2025-11-05,311061.1539645944,311061.1539645944,101628.94
2025-11-06,311061.1539645944,311061.1539645944,103863.85
2025-11-07,311061.1539645944,311061.1539645944,101290.92
2025-11-08,311061.1539645944,311061.1539645944,103353.56
2025-11-09,311061.1539645944,311061.1539645944,102293.04
2025-11-10,311061.1539645944,311061.1539645944,104639.94
2025-11-11,311061.1539645944,311061.1539645944,106017.07
2025-11-12,311061.1539645944,311061.1539645944,103141.5
2025-11-13,311061.1539645944,311061.1539645944,101640.66
